japan airlines,6,"""seat in Premium Economy is narrow""", (Indonesia) ,26th January 2022,Boeing 787,Business,Premium Economy,Seattle to Jakarta via Narita,January 2022,4,4,5,1,3,1,3,yes
japan airlines,2,"""avoid their Premium Economy""", (Indonesia) ,31st December 2021,Boeing 787-9,Family Leisure,Premium Economy,Jakarta to Tokyo,December 2021,1,3,1,1,5,3,2,
japan airlines,1,"""following indications by the Japanese embassy""", (Indonesia) ,19th November 2021,,Solo Leisure,Economy Class,Tokyo to Paris,July 2021,3,5,4,4,1,0,2,
japan airlines,9,"""be ever grateful to all at JAL""", (Indonesia) ,3rd October 2021,,Couple Leisure,Business Class,Jakarta to Chicago via Tokyo,September 2021,5,4,4,3,4,0,4,yes
japan airlines,9,"""Japan Airline is on top of my list""", (Indonesia) ,3rd October 2021,,Solo Leisure,Economy Class,Vancouver to Bangkok via Narita,October 2021,5,5,5,5,5,4,5,yes
japan airlines,10,"""customer service exceeded my expectations""", (Indonesia) ,3rd September 2021,,Family Leisure,Economy Class,San Francisco to Narita via Manila,September 2021,5,5,4,5,5,0,4,yes
japan airlines,9,"""very helpful and very courteous""", (Indonesia) ,3rd August 2021,,Solo Leisure,Economy Class,Los Angeles to Manila via Tokyo,July 2021,5,5,5,3,5,0,5,yes
japan airlines,10,Japan Airlines customer review, (Indonesia) ,13th June 2021,Boeing 787-8 ,Solo Leisure,Economy Class,Tokyo to Vancouver,June 2021,5,5,5,5,5,5,5,yes
japan airlines,10,"""all my expectations were overly met""", (Indonesia) ,13th June 2021,Boeing 787-8 Dreamliner,Solo Leisure,Economy Class,Manila to Tokyo,June 2021,5,5,5,5,5,5,5,yes
japan airlines,10,"""best airline I have taken so far""", (Indonesia) ,21st April 2021,Boeing 787-9,Solo Leisure,Economy Class,Dallas to Tokyo,April 2021,5,5,5,4,5,4,5,yes
japan airlines,1,"""they can't offer me anything""", (United States) ,10th April 2021,,Solo Leisure,Economy Class,Honolulu to Tokyo,April 2021,0,0,0,0,0,0,1,
japan airlines,9,"""this airline deserves a five-star review""", (United States) ,16th January 2021,Boeing 777,Solo Leisure,Economy Class,Chicago to Manila via Tokyo,December 2020,5,5,5,5,5,4,5,yes
japan airlines,9,"""Exceeded expectations""", (United States) ,28th November 2020,Boeing 777,Solo Leisure,Economy Class,Los Angeles to Tokyo Narita,November 2020,4,5,4,3,5,4,4,yes
japan airlines,7,"""one of the truly best airlines in the world""", (United States) ,24th September 2020,,Solo Leisure,Economy Class,Seattle to Singapore via Tokyo Narita,January 2020,4,5,5,4,5,0,5,yes
japan airlines,8,"""Impressed with experience""", (United States) ,2nd August 2020,Boeing 777-300,Solo Leisure,Economy Class,Bangkok to Tokyo,August 2020,5,5,4,5,4,4,5,yes
japan airlines,10,"""best airline I have traveled with""", (United States) ,22nd April 2020,,Business,Economy Class,Paris to Tokyo Haneda,February 2020,5,5,5,3,5,0,5,yes
japan airlines,1,"""processed 1 day before their policy update""", (United States) ,30th March 2020,,Family Leisure,Economy Class,Melbourne to Tokyo,March 2020,0,0,0,0,0,0,1,
japan airlines,10,"""definitely fly Japan Airlines again""", (United States) ,25th February 2020,Boeing 777,Business,Business Class,Tokyo Narita to Singapore,February 2020,5,5,5,5,5,5,5,yes
japan airlines,1,"""putting me on a Finnair flight""", (United States) ,3rd February 2020,,Solo Leisure,Economy Class,Paris to Tokyo via Helsinki,December 2019,0,0,0,0,1,0,1,
japan airlines,1,"""gave us no information""", (United States) ,1st February 2020,,Solo Leisure,Economy Class,Tokyo to Vancouver,January 2020,1,1,0,0,1,0,1,
japan airlines,2,"""served one meal and one snack"" ", (Indonesia) ,1st December 2022,,Couple Leisure,Economy Class,New York JFK to Jakarta via Tokyo Narita,November 2022,4,3,1,1,4,0,2,
japan airlines,3,"""food was a big disappointment""", (Indonesia) ,10th November 2022,Boeing 787-8,Couple Leisure,Business Class,Melbourne to Tokyo,October 2022,3,5,1,1,4,0,2,
japan airlines,9,"""was beyond my expectation""", (Indonesia) ,9th November 2022,Boeing 787,Business,Economy Class,Tokyo to Osaka,September 2022,5,5,4,4,5,5,5,yes
japan airlines,5,"""Food out of Japan is good""", (Indonesia) ,24th October 2022,Boeing 787,Business,Business Class,Sydney to Tokyo,September 2022,3,3,3,3,1,5,3,
japan airlines,10,"""served by absolutely charming cabin crew""", (Indonesia) ,20th October 2022,Boeing 788,Business,Business Class,Tokyo to Singapore,October 2022,5,5,5,4,5,0,3,yes
japan airlines,8,"""comfortable premium economy""", (Indonesia) ,20th October 2022,,Solo Leisure,Premium Economy,London to Sydney via Tokyo,October 2022,4,5,4,3,5,0,5,yes
japan airlines,2,"""our tickets were there all along""", (Indonesia) ,13th October 2022,,Business,Premium Economy,New York to Tokyo,October 2022,4,4,4,2,1,3,3,
japan airlines,10,"""thankful for their hospitality and care""", (Indonesia) ,22nd August 2022,Boeing 787-8,Family Leisure,Economy Class,Tokyo Haneda to London,August 2022,4,5,4,5,5,0,3,yes
japan airlines,10,"""I had a great flight back home""", (Indonesia) ,10th August 2022,,Solo Leisure,Economy Class,Los Angeles to Manila via Tokyo Narita,August 2022,5,5,5,5,5,5,5,yes
japan airlines,3,"""seat and vegetarian meal requests were ignored""", (Indonesia) ,8th August 2022,,Solo Leisure,Economy Class,Bangalore to Los Angeles via Narita,August 2022,3,3,1,0,1,0,1,
japan airlines,1,"""refund is not immediate"" ", (Malaysia) ,13th June 2022,,Solo Leisure,Economy Class,Vancouver to Kuala Lumpur,May 2022,1,1,0,0,1,0,1,
japan airlines,6,"""sit together in the middle row""", (Malaysia) ,8th June 2022,Boeing 787,Couple Leisure,Economy Class,Tokyo Haneda to Bangkok,June 2022,3,4,4,3,4,0,3,
japan airlines,8,"""service was good and the food was nice""", (Malaysia) ,8th June 2022,Boeing 787,Couple Leisure,Business Class,Bangkok to Tokyo Haneda,May 2022,2,4,4,3,5,0,4,
japan airlines,10,"""The best airline I’ve flown with""", (Malaysia) ,31st May 2022,,Solo Leisure,Economy Class,Tan Son Nhat to San Francisco via Tokyo,May 2022,5,5,5,0,5,5,5,yes
japan airlines,10,"""They asked me–nearly constantly–if I'd like something else to eat or drink""", (Malaysia) ,21st April 2022,,Solo Leisure,Economy Class,New York JFK to Tokyo-Haneda,April 2022,4,5,4,4,5,0,5,yes
japan airlines,8,"""it was good value for the money""", (Malaysia) ,16th April 2022,Boeing 777,Solo Leisure,Economy Class,Hong Kong to New York via Tokyo,April 2022,4,4,4,3,4,0,4,yes
japan airlines,3,"""trying to reach JAL customer service""", (Malaysia) ,12th April 2022,,Business,Economy Class,Bangkok to Los Angeles via Tokyo,April 2022,3,4,2,1,4,2,2,
japan airlines,2,"""food portions were very small""", (Malaysia) ,23rd March 2022,Boeing 777,Solo Leisure,Business Class,Tokyo to London,March 2022,1,5,1,1,1,0,2,
japan airlines,10,"""wonderful and superb customer service""", (Malaysia) ,12th March 2022,,Solo Leisure,Economy Class,Manila to Los Angeles via Tokyo,March 2022,5,5,3,5,5,5,5,yes
japan airlines,10,"""great flight with good food and staff""", (Malaysia) ,28th January 2022,,Couple Leisure,Premium Economy,,January 2022,5,5,5,5,5,5,5,yes
japan airlines,8,"""Service excellent again""", (United Kingdom) ,9th September 2018,Boeing 787-900,Business,Premium Economy,Narita to London Heathrow via Helsinki,August 2018,5,5,4,4,4,0,4,yes
japan airlines,9,"""Onboard service great, as ever""", (United Kingdom) ,9th September 2018,Boeing 787-800,Business,Premium Economy,London Heathrow to Haneda,August 2018,5,5,5,4,4,0,4,yes
japan airlines,3,"""stuck on a middle seat""", (United Kingdom) ,27th August 2018,,Solo Leisure,Economy Class,Delhi to Dallas via Tokyo,August 2018,4,4,3,3,1,3,4,
japan airlines,1,"""JAL has lost a client""", (United Kingdom) ,17th August 2018,,Solo Leisure,Economy Class,Milan to Nagoya via Helsinki / Tokyo,April 2018,0,0,0,0,0,0,1,
japan airlines,2,"""Old seats in a new aircraft""", (United Kingdom) ,4th August 2018,Boeing 787-8,Business,Business Class,Bangkok to Tokyo,July 2018,1,1,3,3,1,3,1,
japan airlines,9,"""one of the best carriers""", (United Kingdom) ,1st August 2018,Boeing 787-9,Couple Leisure,Premium Economy,Sydney to Tokyo,July 2018,5,5,4,5,5,0,5,yes
japan airlines,6,"""the service was impeccable""", (United Kingdom) ,30th July 2018,Boeing 787-900,Solo Leisure,Economy Class,Tokyo Narita to Kuala Lumpur ,July 2018,4,4,4,4,1,4,3,yes
japan airlines,7,"""Highlights are the excellent service""", (United Kingdom) ,4th July 2018,Boeing 787,Couple Leisure,Business Class,Tokyo to Melbourne,May 2018,4,5,5,1,4,0,4,yes
japan airlines,10,"""the best flight crew""", (United Kingdom) ,21st June 2018,,Solo Leisure,Economy Class,Tokyo to Ho Chi Minh City,June 2018,5,5,5,5,5,5,5,yes
japan airlines,4,"""old seats in a new aircraft""", (United Kingdom) ,8th May 2018,Boeing 787-8,Business,Business Class,Tokyo Narita to San Diego,March 2018,2,3,4,3,3,3,3,yes
japan airlines,9,"""flight attendants were courteous""", (Japan) ,11th July 2019,,Business,Business Class,Tokyo to Seoul,July 2019,5,5,4,4,5,4,4,yes
japan airlines,9,"""cabin crew were friendly""", (Japan) ,7th July 2019,E170,Solo Leisure,Economy Class,Akita to Sapporo,July 2019,4,5,0,0,5,0,5,yes
japan airlines,8,"""the seats spacious enough""", (Japan) ,7th July 2019,Boeing 737,Solo Leisure,Economy Class,Osaka Itami to Sapporo,June 2019,4,5,3,0,5,0,5,yes
japan airlines,10,"""Best airline I have ever flown""", (Japan) ,26th June 2019,Boeing 777-300,Couple Leisure,Economy Class,San Francisco to Tokyo Haneda,June 2019,5,5,5,5,5,5,5,yes
japan airlines,1,"""requested a full refund""", (Japan) ,13th June 2019,,Solo Leisure,Economy Class,Seattle to Tokyo ,June 2019,1,1,0,0,1,0,1,
japan airlines,8,"""attendants were incredible""", (Japan) ,11th June 2019,,Solo Leisure,Business Class,Tokyo to Delhi,May 2019,4,4,4,5,5,0,5,yes
japan airlines,8,"""food was terrific""", (Japan) ,29th May 2019,,Solo Leisure,Economy Class,Los Angeles to Jakarta via Tokyo,May 2019,3,5,5,3,5,1,5,yes
japan airlines,2,"""such a disappointment""", (Japan) ,28th May 2019,,Solo Leisure,Economy Class,Los Angeles to Ho Chi Minh City via Tokyo,May 2019,1,3,2,2,1,0,2,
japan airlines,10,"""the most polite and courteous cabin crew""", (Japan) ,6th May 2019,,Solo Leisure,Economy Class,Singapore Changi to Tokyo Narita ,May 2019,4,5,4,4,4,0,5,yes
japan airlines,10,"""deserves it 5-star status""", (Japan) ,26th April 2019,Boeing 777-300ER,Solo Leisure,First Class,New York to Tokyo,March 2019,5,5,5,5,4,5,5,yes
japan airlines,1,"""imposed a liquor ban on me""", (Singapore) ,13th November 2019,,Family Leisure,Economy Class,Tokyo to Singapore,November 2019,1,1,1,0,1,0,1,
japan airlines,6,"""on board wifi is awful""", (Singapore) ,10th November 2019,Boeing 787,Business,Business Class,Tokyo to Melbourne,November 2019,4,2,3,3,4,1,3,
japan airlines,10,"""it's totally worth it""", (Singapore) ,24th October 2019,Boeing 787-9,Solo Leisure,Premium Economy,Kuala Lumpur to Tokyo Narita,October 2019,5,5,5,5,4,0,5,yes
japan airlines,10,"""impressed by his devotion""", (Singapore) ,22nd October 2019,,Business,Economy Class,Tokyo to Gimhae,October 2019,4,4,5,0,5,0,3,yes
japan airlines,10,"""highly recommend Japanese Airlines""", (Singapore) ,10th September 2019,,Couple Leisure,Economy Class,Osaka to Los Angeles,September 2019,5,5,0,0,5,0,5,yes
japan airlines,10,"""One of the best flights""", (Singapore) ,6th September 2019,,Business,Economy Class,Los Angeles to Osaka,September 2019,5,5,4,4,5,0,5,yes
japan airlines,10,"""absolutely wonderful""", (Singapore) ,6th September 2019,Boeing 787,Business,Business Class,Frankfurt to Narita,April 2019,5,5,5,5,5,0,5,yes
japan airlines,9,"""Legroom was spacious""", (Singapore) ,5th September 2019,,Business,Economy Class,Osaka to Los Angeles,August 2019,5,5,4,4,5,2,4,yes
japan airlines,9,"""this is a great airline""", (Singapore) ,19th August 2019,Boeing 777,Family Leisure,Business Class,Delhi to Tokyo Narita,January 2019,5,5,5,3,4,0,4,yes
japan airlines,1,"""squeezed in a central row of four""", (Singapore) ,25th July 2019,,Business,Business Class,Tokyo to Sapporo,July 2019,2,1,1,1,1,3,1,
japan airlines,2,"""served one meal and one snack"" ", (Indonesia) ,1st December 2022,,Couple Leisure,Economy Class,New York JFK to Jakarta via Tokyo Narita,November 2022,4,3,1,1,4,0,2,
japan airlines,3,"""food was a big disappointment""", (Indonesia) ,10th November 2022,Boeing 787-8,Couple Leisure,Business Class,Melbourne to Tokyo,October 2022,3,5,1,1,4,0,2,
japan airlines,9,"""was beyond my expectation""", (Indonesia) ,9th November 2022,Boeing 787,Business,Economy Class,Tokyo to Osaka,September 2022,5,5,4,4,5,5,5,yes
japan airlines,5,"""Food out of Japan is good""", (Indonesia) ,24th October 2022,Boeing 787,Business,Business Class,Sydney to Tokyo,September 2022,3,3,3,3,1,5,3,
japan airlines,10,"""served by absolutely charming cabin crew""", (Indonesia) ,20th October 2022,Boeing 788,Business,Business Class,Tokyo to Singapore,October 2022,5,5,5,4,5,0,3,yes
japan airlines,8,"""comfortable premium economy""", (Indonesia) ,20th October 2022,,Solo Leisure,Premium Economy,London to Sydney via Tokyo,October 2022,4,5,4,3,5,0,5,yes
japan airlines,2,"""our tickets were there all along""", (Indonesia) ,13th October 2022,,Business,Premium Economy,New York to Tokyo,October 2022,4,4,4,2,1,3,3,
japan airlines,10,"""thankful for their hospitality and care""", (Indonesia) ,22nd August 2022,Boeing 787-8,Family Leisure,Economy Class,Tokyo Haneda to London,August 2022,4,5,4,5,5,0,3,yes
japan airlines,10,"""I had a great flight back home""", (Indonesia) ,10th August 2022,,Solo Leisure,Economy Class,Los Angeles to Manila via Tokyo Narita,August 2022,5,5,5,5,5,5,5,yes
japan airlines,3,"""seat and vegetarian meal requests were ignored""", (Indonesia) ,8th August 2022,,Solo Leisure,Economy Class,Bangalore to Los Angeles via Narita,August 2022,3,3,1,0,1,0,1,
japan airlines,3,"""seat had no storage""", (Australia) ,15th January 2020,Boeing 787-9,Business,Business Class,Melbourne to Tokyo,January 2020,4,4,0,0,4,0,1,
japan airlines,10,"""best economy class experiences""", (Australia) ,13th January 2020,Boeing 738 & 788,Solo Leisure,Economy Class,Shanghai to San Diego via Tokyo,January 2020,5,5,5,4,5,5,5,yes
japan airlines,10,"""JL did not disappoint""", (Australia) ,11th January 2020,Boeing 767,Solo Leisure,Economy Class,Vancouver to Kuala Lumpur via Narita,January 2020,5,5,5,2,5,0,5,yes
japan airlines,4,"""e-ticket number missing""", (Australia) ,3rd January 2020,,Family Leisure,Business Class,Tokyo to Kuala Lumpur,January 2020,5,5,5,4,1,0,5,
japan airlines,8,"""JAL is not a disappointment""", (Australia) ,2nd January 2020,,Business,Economy Class,Jakarta to Chicago via Tokyo,December 2019,4,4,5,3,4,2,4,yes
japan airlines,10,"""polite, friendly, and accommodating""", (Australia) ,29th December 2019,Boeing 787-8 and Boeing 787-9,Solo Leisure,Economy Class,Manila to Boston via Narita,November 2019,5,5,5,3,5,0,5,yes
japan airlines,10,"""all of the food was truly superb""", (Australia) ,29th December 2019,Boeing 787-8 and Boeing 787-9,Solo Leisure,Economy Class,Boston to Manila via Narita,December 2019,5,5,5,3,5,0,5,yes
japan airlines,10,"""One of the best airlines I've flown with""", (Australia) ,13th December 2019,Boeing 787-8,Solo Leisure,Economy Class,Tokyo to London Heathrow,November 2019,5,5,5,5,5,0,5,yes
japan airlines,8,"""great impressions and respect""", (Australia) ,20th November 2019,Boeing 737,Business,Economy Class,Tokyo Narita to Busan,October 2019,3,5,5,0,5,0,4,yes
japan airlines,10,"""Had a great experience""", (Australia) ,20th November 2019,,Couple Leisure,Economy Class,Chicago to Tokyo Narita,November 2019,4,5,5,4,5,4,5,yes
japan airlines,3,"""IFE system a disaster""", (Taiwan) ,4th December 2017,Boeing 787-8,Solo Leisure,Business Class,Taipei to Narita,March 2017,4,2,1,1,3,0,1,
japan airlines,1,"""ruined my family holidays trip""", (Taiwan) ,17th November 2017,,Family Leisure,Economy Class,Melbourne to Tokyo,November 2017,0,0,0,0,1,0,1,
japan airlines,9,"""boarding was orderly and strictly conducted""", (Taiwan) ,13th November 2017,Boeing 787-8,Solo Leisure,Economy Class,"Narita, Tokyo to Melbourne",September 2017,5,3,5,5,5,5,4,yes
japan airlines,9,"""Excellent business class seat""", (Taiwan) ,6th November 2017,Boeing 787-8,Family Leisure,Business Class,Tokyo Narita to Melbourne,November 2017,5,4,4,0,4,5,4,yes
japan airlines,5,"""seating needs some work""", (Taiwan) ,10th October 2017,Boeing 787,Business,Business Class,Boston to Hong Kong via Tokyo,October 2017,1,4,4,3,4,0,4,yes
japan airlines,4,"""ANA are superior to Japan Airlines""", (Taiwan) ,27th September 2017,Boeing 777-300,Business,Business Class,Tokyo Haneda to London,September 2017,3,2,2,2,4,3,3,
japan airlines,8,"""awesome thanks to cabin crew""", (Taiwan) ,15th September 2017,Boeing 767-300,Solo Leisure,Economy Class,Singapore to Tokyo Haneda,February 2017,3,5,4,3,4,0,4,yes
japan airlines,10,"""an exceptional First Class""", (Taiwan) ,13th September 2017,Boeing 777-300ER,Solo Leisure,First Class,Heathrow to Tokyo Haneda,August 2017,5,5,5,5,5,5,4,yes
japan airlines,3,"""long way behind rival ANA""", (Taiwan) ,7th September 2017,Boeing 777,Business,Business Class, Frankfurt to Tokyo,,3,2,2,2,3,3,2,
japan airlines,8,"""FA did not speak English""", (Taiwan) ,7th September 2017,Boeing 767,Family Leisure,First Class,Fukuoka to Tokyo Haneda,August 2017,5,5,3,1,5,3,5,yes
japan airlines,9,"""staff were attentive and genuine""", (Qatar) ,23rd November 2016,Boeing 767,Solo Leisure,Economy Class,HND to SIN,November 2016,4,5,4,4,5,0,5,yes
japan airlines,6,"""high expectations were never quite met""", (Qatar) ,22nd November 2016,Boeing 787,Business,Business Class,PVG to SAN via NRT,September 2016,2,4,3,3,3,0,3,
japan airlines,7,"""did not go around with drinks""", (Qatar) ,7th November 2016,Boeing 777-200,Business,Economy Class,HND to BKK,November 2016,4,3,4,4,3,0,3,yes
japan airlines,8,"""efficient and satisfactory flight""", (Qatar) ,2nd November 2016,Boeing 787-8,Solo Leisure,Economy Class,HND to PEK,October 2016,4,4,4,3,4,0,4,yes
japan airlines,3,"""the food selection is not great""", (Qatar) ,1st November 2016,Boeing 787,Business,Business Class,SIN to HND,October 2016,3,3,2,3,4,3,3,
japan airlines,10,"""service couldn't be better""", (Qatar) ,27th October 2016,Boeing 787,Solo Leisure,Economy Class,FRA to ICN via HND,October 2016,5,5,5,5,5,5,5,yes
japan airlines,8,"""cabin staff speak little English""", (Qatar) ,20th October 2016,Boeing 787-8,Business,Economy Class,PEK to NRT,October 2016,4,4,4,3,4,0,4,yes
japan airlines,8,"""service attitude was good""", (Qatar) ,19th October 2016,Boeing 787-8,Solo Leisure,Economy Class,PEK to HND,October 2016,5,4,4,3,4,0,5,yes
japan airlines,10,"""cabin crew friendly and attentive""", (Qatar) ,16th October 2016,Boeing 777-300,Family Leisure,Economy Class,SYD to NRT,October 2016,5,5,4,4,5,0,5,yes
japan airlines,6,"""very spacious seats on JL""", (Qatar) ,11th October 2016,Boeing 777-200,Solo Leisure,Economy Class,HND to CTS,September 2016,5,4,4,0,3,0,4,yes
japan airlines,9,"""above my expectations""", (Philippines) ,24th March 2017,,Solo Leisure,Economy Class,Osaka to Los Angeles,December 2016,4,4,4,4,4,1,4,yes
japan airlines,6,"""crew on both flights were indifferent""", (Philippines) ,5th March 2017,"Boeing 777-200, Boeing 777-300",Business,Economy Class,Tokyo to Bangkok,March 2017,3,3,3,3,1,3,3,yes
japan airlines,10,"""providing excellent service""", (Philippines) ,28th February 2017,Boeing 787-8,Solo Leisure,Economy Class,Hong Kong to Tokyo,February 2017,5,5,5,5,5,5,5,yes
japan airlines,5,"""cabin temperature is just too high""", (Philippines) ,28th February 2017,,Couple Leisure,Economy Class,Tokyo Narita to Sydney,February 2017,1,5,5,5,5,0,4,
japan airlines,10,"""cabin crew were professional""", (Philippines) ,27th February 2017,Boeing 737-800,Solo Leisure,Economy Class,Shanghai to Osaka,February 2017,5,5,5,5,5,0,5,yes
japan airlines,10,"""my chosen option for this route""", (Philippines) ,5th January 2017,Boeing 777-300ER,Solo Leisure,Economy Class,NRT to SYD,January 2017,5,5,5,3,5,0,5,yes
japan airlines,8,"""leg room was very good""", (Philippines) ,19th December 2016,Boeing 767-300ER,Family Leisure,Economy Class,SIN to HND,October 2016,4,5,4,4,4,0,4,yes
japan airlines,10,Japan Airlines customer review, (Philippines) ,14th December 2016,Boeing 777-300ER,Couple Leisure,Economy Class,CTS to LHR via HND,December 2016,5,5,5,4,5,0,5,yes
japan airlines,10,"""the service was just excellent""", (Philippines) ,3rd December 2016,Boeing 787 Dreamliner,Couple Leisure,Economy Class,HKG to JFK via NRT,November 2016,5,5,5,5,5,0,5,yes
japan airlines,9,"""impression was very positive""", (Philippines) ,25th November 2016,,Solo Leisure,Economy Class,ORD to NRT,October 2016,3,5,5,4,5,0,4,yes
japan airlines,1,"""never fly Japan Airlines again""", (United States) ,26th December 2018,,Family Leisure,Economy Class,Okinawa to Tokyo,December 2018,1,1,0,0,1,0,1,
japan airlines,9,"""impressed with the improvement""", (United States) ,28th November 2018,Boeing 787,Solo Leisure,Premium Economy,Helsinki to Tokyo Narita,November 2018,5,5,5,3,5,0,5,yes
japan airlines,6,"""a disappointing experience""", (United States) ,24th November 2018,Boeing 787 / 737,Solo Leisure,Business Class,Melbourne to Osaka via Tokyo,November 2018,4,5,3,0,4,0,3,
japan airlines,5,"""meals were just plain awful""", (United States) ,23rd November 2018,Boeing 787-8,Business,Premium Economy,Sydney to Tokyo Narita,November 2018,5,5,2,2,4,0,4,
japan airlines,10,"""attendants extremely caring""", (United States) ,31st October 2018,Boeing 788 / 777,Family Leisure,Economy Class,Bangkok to Los Angeles via Tokyo,October 2018,5,5,4,5,5,5,5,yes
japan airlines,4,"""service was ok, but nothing special""", (United States) ,8th October 2018,Boeing 789,Solo Leisure,Business Class,Tokyo Narita to Kuala Lumpur,October 2018,2,3,4,3,4,0,3,
japan airlines,8,"""In flight service much better""", (United States) ,6th October 2018,,Couple Leisure,Business Class,Tokyo Haneda to Bangkok,October 2018,2,5,5,3,2,0,3,yes
japan airlines,7,"""JAL seems overrated""", (United States) ,6th October 2018,,Couple Leisure,Business Class,Bangkok to Tokyo Haneda,September 2018,2,4,2,3,4,0,3,yes
japan airlines,9,"""my choice over the Pacific""", (United States) ,5th October 2018,Boeing 787-9,Business,Economy Class,San Diego to Bangkok via Tokyo,October 2018,5,5,4,3,5,0,4,yes
japan airlines,9,"""I was pleasantly surprised""", (United States) ,10th September 2018,Boeing 787-9,Couple Leisure,Economy Class,Tokyo to Honolulu,September 2018,5,5,5,3,5,1,5,yes
japan airlines,9,"""now a regular with JAL""", (Japan) ,4th September 2017,Boeing 777 / 787,Couple Leisure,Premium Economy,Tokyo to Honolulu,August 2017,4,5,4,4,5,1,5,yes
japan airlines,7,"""pleasant and easy trip""", (Japan) ,10th August 2017,Boeing 787-8,Business,Economy Class,Tokyo Haneda to Taipei,August 2017,3,5,5,2,5,0,4,yes
japan airlines,9,"""Excellent customer service""", (Japan) ,30th June 2017,,Solo Leisure,Premium Economy,Busan to Sydney via Tokyo,June 2017,4,5,4,4,4,0,4,yes
japan airlines,5,"""the cabin was very clean""", (Japan) ,23rd June 2017,Boeing 787,Business,Premium Economy,Tokyo to Kuala Lumpur ,May 2017,4,2,1,1,3,2,3,
japan airlines,10,"""a perfect flight again""", (Japan) ,15th June 2017,Boeing 787-8,Business,Business Class,Tokyo to Dallas,May 2017,5,5,5,5,5,5,5,yes
japan airlines,10,"""top notch in every aspect""", (Japan) ,7th June 2017,Boeing 777-200ER,Business,Business Class,Hong Kong to Tokyo Haneda,May 2017,5,5,5,5,5,5,5,yes
japan airlines,10,"""this was an excellent flight""", (Japan) ,5th June 2017,Boeing 787-900,Couple Leisure,Premium Economy,Paris CDG to Tokyo Narita,May 2017,5,5,5,4,5,0,5,yes
japan airlines,8,"""the best for economy seat""", (Japan) ,9th May 2017,,Business,Economy Class,Tokyo to Moscow ,April 2017,4,4,4,4,5,4,4,yes
japan airlines,1,"""No JAL good service""", (Japan) ,22nd April 2017,,Couple Leisure,Economy Class,Las Vegas to Tokyo via Los Angeles,April 2017,1,3,1,0,1,0,1,
japan airlines,9,"""topped other airlines""", (Japan) ,31st March 2017,Boeing 787-9,Solo Leisure,Economy Class,Frankfurt to Tokyo,March 2017,5,5,4,5,5,0,5,yes
japan airlines,9,"""their service is excellent""", (Singapore) ,17th April 2018,Boeing 777-200,Solo Leisure,Business Class,Singapore to Tokyo Haneda,April 2018,4,5,4,3,4,3,5,yes
japan airlines,8,"""seats were wide and comfortable""", (Singapore) ,6th April 2018,Boeing 777-300,Solo Leisure,Business Class,Tokyo Haneda to New York JFK,April 2018,4,5,4,4,5,0,4,yes
japan airlines,6,"""was really disappointed""", (Singapore) ,28th March 2018,Boeing 787-8,Solo Leisure,Economy Class,Tokyo Narita to Vancouver,March 2018,1,4,1,2,3,0,3,
japan airlines,7,"""same high quality service""", (Singapore) ,21st March 2018,Boeing 777-300ER,Business,Economy Class,New York to Tokyo Narita,March 2018,2,5,5,4,1,0,4,yes
japan airlines,9,"""Fast and efficient check-in""", (Singapore) ,21st March 2018,777W,Business,Economy Class,Tokyo to New York,March 2018,3,5,4,4,5,0,5,yes
japan airlines,6,"""was a very bad experience""", (Singapore) ,4th February 2018,Boeing 787-8,Solo Leisure,Economy Class,Tokyo Narita to Ho Chi Minh city,January 2018,4,5,4,5,2,1,3,
japan airlines,1,"""worst customer service""", (Singapore) ,26th January 2018,,Couple Leisure,Economy Class,Tokyo to New York,January 2018,1,1,0,0,1,0,1,
japan airlines,1,"""terrible customer service""", (Singapore) ,11th January 2018,,Solo Leisure,Economy Class,Bangkok to Chicago via Tokyo,January 2018,3,3,0,0,1,0,1,
japan airlines,10,"""I felt really welcome""", (Singapore) ,26th December 2017,,Family Leisure,Economy Class,Chitose to Kushiro,November 2017,5,5,5,0,5,1,5,yes
japan airlines,2,"""do not offer welcome drink""", (Singapore) ,4th December 2017,Boeing 787-8,Solo Leisure,Business Class,Tokyo Narita to Taipei,April 2017,3,1,1,1,4,0,1,
japan airlines,7,"""staff very attentive""", (Australia) ,23rd April 2019,Boeing 787,Couple Leisure,Economy Class,Melbourne to Narita,April 2019,2,5,3,2,5,1,5,yes
japan airlines,3,"""Not a good experience""", (Australia) ,16th April 2019,Boeing 787,Business,Business Class,Seattle to Tokyo Narita,April 2019,2,3,1,2,2,2,4,
japan airlines,10,"""an excellent flight""", (Australia) ,3rd April 2019,Boeing 787,Solo Leisure,Economy Class,Tokyo  to Bangkok,April 2019,4,5,5,4,5,0,5,yes
japan airlines,5,"""a screaming infant """, (Australia) ,24th February 2019,Boeing 767,Solo Leisure,Business Class,Tokyo to Taipei,March 2018,3,2,2,2,3,2,2,
japan airlines,4,""" 2 major flight delays""", (Australia) ,16th February 2019,Boeing 777-300,Couple Leisure,Economy Class,Vancouver to Bangkok via Tokyo,February 2019,2,4,3,4,2,3,2,
japan airlines,8,"""recommend JAL business class""", (Australia) ,14th February 2019,Boeing 787-8,Couple Leisure,Business Class,Jakarta to Vancouver via Narita,February 2019,3,5,4,3,3,0,4,yes
japan airlines,9,"""Great airline, will fly again""", (Australia) ,26th January 2019,Boeing 787,Couple Leisure,Premium Economy,Sydney to London via Tokyo,January 2019,5,5,4,3,5,0,4,yes
japan airlines,7,"""seat was comfortable enough""", (Australia) ,21st January 2019,,Family Leisure,Economy Class,Tokyo Narita to Melbourne,January 2019,4,4,3,4,3,1,4,yes
japan airlines,10,"""good and comfortable""", (Australia) ,2nd January 2019,Boeing 767-300,Solo Leisure,Economy Class,Beijing to Tokyo,January 2019,4,5,4,4,5,0,5,yes
japan airlines,1,"""Greatly disappointed""", (Australia) ,29th December 2018,Boeing 787,Family Leisure,Economy Class,Ho Chi Minh City to Tokyo,December 2018,1,1,1,1,1,1,1,
japan airlines,9,"""I am very impressed""", (Singapore) ,18th April 2016,,Solo Leisure,Economy Class,SIN to LAX via NRT,April 2016,5,4,5,4,4,0,5,yes
japan airlines,10,"""definitely choose JAL again""", (Singapore) ,10th April 2016,Boeing 787,Solo Leisure,Economy Class,YVR to HKG via HND,April 2016,5,5,5,4,5,0,5,yes
japan airlines,8,"""seat was very comfortable""", (Singapore) ,18th March 2016,Boeing 787,Business,Business Class,NRT to HEL,February 2016,5,5,5,3,5,0,5,yes
japan airlines,6,"""First and last time""", (Singapore) ,15th March 2016,Boeing 787-800,Couple Leisure,Business Class,BKK to CTS via NRT,March 2016,4,4,3,4,3,4,3,
japan airlines,9,"""good airline to travel""", (Singapore) ,14th March 2016,Boeing 787,Family Leisure,Economy Class,YVR to NRT,December 2015,3,5,5,4,4,0,5,yes
japan airlines,8,"""would gladly fly JAL again""", (Singapore) ,13th March 2016,Boeing 777,Business,Business Class,SFO to HND,February 2016,4,5,5,3,3,0,4,yes
japan airlines,10,"""FA's were excellent""", (Singapore) ,9th March 2016,,Solo Leisure,Business Class,NRT to YVR,December 2015,4,5,5,0,4,0,5,yes
japan airlines,10,"""aircraft is clean""", (Singapore) ,3rd March 2016,Boeing 767-300,Business,Economy Class,MNL to NRT,February 2016,5,5,5,5,5,0,5,yes
japan airlines,5,"""used ANA instead on the return""", (Singapore) ,28th February 2016,Boeing 777,Family Leisure,Economy Class,HND to ITM,February 2016,4,2,1,1,3,1,3,
japan airlines,6,"""expecting something much better""", (Singapore) ,18th February 2016,Boeing 777-200,Business,Economy Class,BKK to HND,February 2016,2,3,3,3,4,0,3,yes
japan airlines,9,"""flying experience was quite nice""", (United States) ,27th July 2016,,Couple Leisure,Economy Class,SFO to KUL via HND,July 2016,5,5,3,4,5,0,5,yes
japan airlines,7,"""service was very good""", (United States) ,26th July 2016,Boeing 777,Solo Leisure,Economy Class,HND to BKK,July 2016,3,5,4,4,5,0,4,yes
japan airlines,8,"""very friendly staff""", (United States) ,7th July 2016,,Solo Leisure,Economy Class,YVR to BKK via NRT,January 2016,4,5,5,3,3,3,4,yes
japan airlines,7,"""found JAL PE to be sub-standard""", (United States) ,6th July 2016,Boeing 777-300,Couple Leisure,Premium Economy,SYD to NRT,June 2016,4,5,4,3,4,0,3,yes
japan airlines,5,"""not a pleasant experience""", (United States) ,6th July 2016,Boeing 777-300,Couple Leisure,Premium Economy,NRT to SYD,June 2016,4,3,1,3,2,0,3,
japan airlines,6,"""seating is surely now outdated""", (United States) ,5th June 2016,Boeing 777-200,Solo Leisure,Business Class,BKK to HND,May 2016,2,2,3,3,5,0,3,yes
japan airlines,3,"""quite disappointed with Premium Economy""", (United States) ,20th May 2016,Boeing 777,Business,Premium Economy,ORD to NRT,May 2016,3,4,1,2,5,0,3,
japan airlines,10,"""staff were competent and polite""", (United States) ,13th May 2016,Boeing 787-800,Business,Economy Class,BKK to LAX via KIX,May 2016,5,5,4,4,5,0,5,yes
japan airlines,10,"""journey to Europe a pleasure""", (United States) ,27th April 2016,Boeing 787,Couple Leisure,Business Class,SYD to FRA via NRT,January 2016,5,5,5,5,5,5,5,yes
japan airlines,10,"""service which is becoming rare""", (United States) ,26th April 2016,Boeing 777-300,Couple Leisure,Economy Class,JFK to NRT,April 2016,5,5,5,4,5,0,4,yes
japan airlines,8,"""friendly cabin crew and captain""", (Hong Kong) ,11th October 2016,E70,Solo Leisure,Economy Class,HKD to ITM,September 2016,4,5,4,0,4,0,4,yes
japan airlines,8,"""extremely user-minded""", (Hong Kong) ,12th September 2016,Boeing 737-800,Couple Leisure,Economy Class,KIX to CTS,September 2016,3,4,3,3,4,1,5,yes
japan airlines,7,"""service rushed and disorganized""", (Hong Kong) ,12th September 2016,Boeing 787-800,Solo Leisure,Economy Class,HAN to NRT,September 2016,4,3,2,4,3,0,4,yes
japan airlines,10,"""staff very courteous and helpful""", (Hong Kong) ,10th September 2016,Boeing 737,Solo Leisure,Economy Class,TAK to HND,August 2016,5,5,4,0,5,3,4,yes
japan airlines,9,"""great flight with Japan Airlines""", (Hong Kong) ,9th September 2016,Boeing 787-800,Solo Leisure,Economy Class,NRT to HAN,September 2016,5,4,4,4,4,0,4,yes
japan airlines,8,"""flight was pleasant and comfortable""", (Hong Kong) ,5th September 2016,Boeing 787-8,Solo Leisure,Economy Class,HKG to NRT,August 2016,5,5,4,4,4,0,4,yes
japan airlines,8,"""sleep well and enjoyed movies""", (Hong Kong) ,5th September 2016,Boeing 787,Business,Business Class,DEL to NRT,August 2016,5,5,3,4,4,0,4,yes
japan airlines,10,"""professional and efficient""", (Hong Kong) ,23rd August 2016,787-8,Solo Leisure,Economy Class,TPE to LAX via KIX,July 2016,4,5,5,4,5,0,5,yes
japan airlines,1,"""not recommend on overall service""", (Hong Kong) ,17th August 2016,,Business,Business Class,NRT to FRA,April 2016,4,1,1,4,2,0,1,
japan airlines,10,"""flight crew were attentive""", (Hong Kong) ,3rd August 2016,Boeing 787,Solo Leisure,Economy Class,SAN to FUK via NRT,September 2015,5,5,5,5,5,0,5,yes
japan airlines,9,"""would fly with them again""", (United States) ,18th February 2016,Boeing 787 / 767 / 777,Family Leisure,Economy Class,JFK to KUL via NRT,February 2016,4,5,4,4,5,0,5,yes
japan airlines,9,"""uneventful flight""", (United States) ,13th February 2016,Boeing 777,Couple Leisure,Economy Class,HNL to NRT,February 2016,4,5,3,3,3,0,5,yes
japan airlines,10,"""very decent legspace""", (United States) ,12th February 2016,Boeing 777-300ER,Family Leisure,Economy Class,NRT to SYD,February 2016,5,4,5,4,4,5,5,yes
japan airlines,10,"""amazing service""", (United States) ,11th February 2016,,Solo Leisure,Economy Class,BKK to HND,February 2016,5,5,5,5,5,0,4,yes
japan airlines,10,"""best value business class""", (United States) ,31st January 2016,Boeing 777-300ER,Couple Leisure,Business Class,SYD to CDG via NRT,January 2016,5,5,4,4,5,4,5,yes
japan airlines,9,"""enjoyed all aspects of this flight""", (United States) ,29th January 2016,Boeing 787,Solo Leisure,Business Class,Boston to Tokyo,January 2016,4,5,5,4,5,0,5,yes
japan airlines,7,"""seats not comfortable """, (United States) ,24th January 2016,Boeing 777-200,Business,Economy Class,HND to BKK,January 2016,2,4,3,2,3,0,3,yes
japan airlines,10,"""would recommend them""", (United States) ,18th January 2016,Boeing 777-300,Solo Leisure,Economy Class,NRT to ORD,January 2016,5,5,5,5,5,0,5,yes
japan airlines,4,"""not a very pleasant flight""", (United States) ,15th January 2016,,Couple Leisure,Economy Class,ITM to OIT,August 2015,4,3,0,0,3,0,2,
japan airlines,10,"""an enjoyable flight""", (United States) ,10th January 2016,,Solo Leisure,Economy Class,HND to OIT,November 2015,5,5,4,0,5,0,5,yes
japan airlines,7,Japan Airlines customer review, (Japan) ,4th April 2013,,,Economy Class,,,3,3,5,4,0,0,4,yes
japan airlines,7,Japan Airlines customer review, (Japan) ,6th March 2013,,,Business Class,,,4,3,4,3,0,0,3,yes
japan airlines,,Japan Airlines customer review, (Japan) ,1st March 2013,,,Premium Economy,,,4,5,1,3,0,0,2,
japan airlines,3,Japan Airlines customer review, (Japan) ,27th February 2013,,,Premium Economy,,,1,3,1,3,0,0,1,
japan airlines,8,Japan Airlines customer review, (Japan) ,27th February 2013,,,Economy Class,,,4,5,5,4,0,0,5,yes
japan airlines,7,Japan Airlines customer review, (Japan) ,25th February 2013,,,Economy Class,,,3,5,3,5,0,0,4,yes
japan airlines,7,Japan Airlines customer review, (Japan) ,22nd February 2013,,,Economy Class,,,4,5,5,3,0,0,4,yes
japan airlines,2,Japan Airlines customer review, (Japan) ,25th January 2013,,,Economy Class,,,2,2,1,2,0,0,2,
japan airlines,8,Japan Airlines customer review, (Japan) ,30th December 2012,,,Economy Class,,,4,4,4,3,0,0,4,yes
japan airlines,9,Japan Airlines customer review, (Japan) ,21st December 2012,,,Business Class,,,4,4,5,4,0,0,4,yes
japan airlines,10,Japan Airlines customer review, (Japan) ,20th December 2012,,,Economy Class,,,4,5,4,4,0,0,4,yes
japan airlines,,Japan Airlines customer review, (Japan) ,19th November 2012,,,Business Class,,,1,4,2,1,0,0,1,
japan airlines,10,Japan Airlines customer review, (Japan) ,16th November 2012,,,Business Class,,,5,5,5,4,0,0,5,yes
japan airlines,10,Japan Airlines customer review, (Japan) ,14th November 2012,,,Economy Class,,,4,5,5,5,0,0,5,yes
japan airlines,6,Japan Airlines customer review, (Japan) ,12th October 2012,,,Business Class,,,3,5,4,3,0,0,3,yes
japan airlines,5,Japan Airlines customer review, (Japan) ,8th October 2012,,,Premium Economy,,,4,5,1,3,0,0,3,
japan airlines,10,Japan Airlines customer review, (Japan) ,7th October 2012,,,Business Class,,,4,5,4,5,0,0,5,yes
japan airlines,10,Japan Airlines customer review, (Japan) ,5th September 2012,,,Economy Class,,,5,5,5,5,0,0,5,yes
japan airlines,9,Japan Airlines customer review, (Japan) ,9th August 2012,,,Business Class,,,3,5,5,3,0,0,5,yes
japan airlines,9,Japan Airlines customer review, (Japan) ,2nd August 2012,,,Economy Class,,,5,5,4,4,0,0,5,yes
japan airlines,6,Japan Airlines customer review, (United Kingdom) ,31st July 2013,,,Economy Class,,,1,5,5,1,0,0,4,
japan airlines,10,Japan Airlines customer review, (United Kingdom) ,7th July 2013,,,Business Class,,,5,5,5,5,0,0,5,yes
japan airlines,9,Japan Airlines customer review, (United Kingdom) ,3rd July 2013,,,Economy Class,,,5,5,4,4,0,0,5,yes
japan airlines,5,Japan Airlines customer review, (United Kingdom) ,10th June 2013,,,Business Class,,,4,2,2,0,0,0,3,yes
japan airlines,8,Japan Airlines customer review, (United Kingdom) ,9th June 2013,,,Economy Class,,,4,5,3,4,0,0,5,yes
japan airlines,2,Japan Airlines customer review, (United Kingdom) ,4th June 2013,,,Business Class,,,2,3,1,1,0,0,3,
japan airlines,3,Japan Airlines customer review, (United Kingdom) ,16th May 2013,,,Economy Class,,,1,3,2,3,0,0,1,
japan airlines,7,Japan Airlines customer review, (United Kingdom) ,16th May 2013,,,Business Class,,,2,5,5,0,0,0,4,
japan airlines,4,Japan Airlines customer review, (United Kingdom) ,13th May 2013,,,Economy Class,,,4,1,1,4,0,0,3,
japan airlines,10,Japan Airlines customer review, (United Kingdom) ,6th May 2013,,,Premium Economy,,,5,4,4,0,0,0,5,yes
japan airlines,6,Japan Airlines customer review, (Japan) ,12th March 2012,,,First Class,,,2,4,5,5,0,0,3,yes
japan airlines,6,Japan Airlines customer review, (Japan) ,29th February 2012,,,Business Class,,,4,5,1,0,0,0,4,yes
japan airlines,8,Japan Airlines customer review, (Japan) ,28th February 2012,,,Business Class,,,3,4,3,3,0,0,5,yes
japan airlines,9,Japan Airlines customer review, (Japan) ,30th January 2012,,,Premium Economy,,,4,5,4,4,0,0,4,yes
japan airlines,10,Japan Airlines customer review, (Japan) ,19th January 2012,,,Business Class,,,5,5,5,5,0,0,5,yes
japan airlines,6,Japan Airlines customer review, (Japan) ,9th January 2012,,,Premium Economy,,,2,4,3,3,0,0,3,yes
japan airlines,10,Japan Airlines customer review, (Japan) ,12th December 2011,,,Business Class,,,4,5,5,3,0,0,5,yes
japan airlines,10,Japan Airlines customer review, (Japan) ,17th October 2011,,,Economy Class,,,5,5,5,5,0,0,5,yes
japan airlines,5,Japan Airlines customer review, (Japan) ,16th October 2011,,,Premium Economy,,,2,4,2,4,0,0,4,yes
japan airlines,9,Japan Airlines customer review, (Japan) ,12th October 2011,,,Business Class,,,0,0,0,0,0,0,4,yes
japan airlines,10,"""excellent flight and service""", (Canada) ,29th December 2015,,Family Leisure,Economy Class,YVR to MNL via NRT,December 2015,5,5,5,5,5,0,5,yes
japan airlines,10,"""seat really comfortable""", (Canada) ,24th December 2015,Boeing 777-300ER,Solo Leisure,Economy Class,LHR to HND,December 2015,5,5,5,5,5,0,5,yes
japan airlines,10,"""a first class experience""", (Canada) ,23rd December 2015,Boeing 787,Solo Leisure,Business Class,JFK to HAN via NRT,December 2015,5,5,5,5,5,0,5,yes
japan airlines,9,"""best economy class experiences""", (Canada) ,5th December 2015,Boeing 787,Business,Economy Class,CDG to NRT,December 2015,5,5,4,5,4,4,5,yes
japan airlines,6,"""expected more from JAL""", (Canada) ,24th November 2015,Boeing 777-300,Business,Economy Class,Tokyo to Chicago,November 2015,3,4,4,3,2,0,4,
japan airlines,9,"""comfortable seat and headrest""", (Canada) ,23rd November 2015,Boeing 787-800,Solo Leisure,Economy Class,GMP to HND,November 2015,5,5,5,5,5,5,5,yes
japan airlines,10,"""had a lot of space""", (Canada) ,16th November 2015,Boeing 777-300ER,Solo Leisure,Economy Class,HND to LHR,November 2015,5,5,5,5,5,0,5,yes
japan airlines,8,"""business class seat excellent""", (Canada) ,15th November 2015,Boeing 777,Business,Business Class,SFO to HKG via HND,November 2015,5,5,4,4,4,0,5,yes
japan airlines,6,"""IFE very limited""", (Canada) ,30th October 2015,Boeing 777-200,Business,Business Class,HND to SIN,October 2015,2,3,4,1,3,0,3,yes
japan airlines,10,"""I was very pleased""", (Canada) ,29th October 2015,Boeing 767-300ER,Solo Leisure,Economy Class,Singapore to Tokyo,October 2015,5,5,5,5,5,0,5,yes
japan airlines,1,"""the cabin was so hot""", (Australia) ,27th October 2015,,Couple Leisure,Economy Class,Tokyo to Sydney,October 2015,1,2,1,1,1,0,1,
japan airlines,10,"""does not get any better""", (Australia) ,24th October 2015,Boeing 787 / 777-300,Solo Leisure,Economy Class,BKK to LAX via KIX / NRT,October 2015,5,5,5,5,5,2,5,yes
japan airlines,6,"""I failed to sleep""", (Australia) ,14th October 2015,Boeing 777-300ER,Solo Leisure,Premium Economy,LAX to KHH via NRT,November 2014,2,4,1,3,4,0,3,yes
japan airlines,9,"""cabin crew were courteous and efficient""", (Australia) ,2nd October 2015,Boeing 737 / Boeing 777,Solo Leisure,Economy Class,TPE to JFK via NRT,September 2015,4,5,5,4,5,0,5,yes
japan airlines,10,"""standard for economy is really good""", (Australia) ,22nd September 2015,Boeing 787,Solo Leisure,Economy Class,Helsinki to Tokyo,August 2015,5,5,5,5,4,0,5,yes
japan airlines,10,"""flight attendants made it a lot easier for us""", (Australia) ,11th September 2015,,Family Leisure,Economy Class,New York to Manila via NRT,September 2015,4,5,5,5,5,0,5,yes
japan airlines,10,"""best Economy class flight I have had""", (Australia) ,4th September 2015,Boeing 787-800,Couple Leisure,Economy Class,CDG to NRT,August 2015,5,5,5,4,5,5,5,yes
japan airlines,9,Japan Airlines customer review, (Australia) ,28th August 2015,Boeing 787,Couple Leisure,Business Class,San Diego to Manila via Tokyo,August 2015,4,5,5,5,5,0,5,yes
japan airlines,9,Japan Airlines customer review, (Australia) ,24th August 2015,Boeing 777-300,Solo Leisure,Business Class,LAX to NRT,August 2015,5,5,4,4,3,0,3,yes
japan airlines,6,Japan Airlines customer review, (Australia) ,8th August 2015,,Solo Leisure,Economy Class,Tokyo to Sydney,August 2015,4,4,4,2,5,0,3,yes
japan airlines,7,Japan Airlines customer review, (Indonesia) ,2nd August 2011,,,Economy Class,,,0,0,0,0,0,0,4,yes
japan airlines,10,Japan Airlines customer review, (Indonesia) ,24th July 2011,,,Economy Class,,,0,0,0,0,0,0,4,yes
japan airlines,2,Japan Airlines customer review, (Indonesia) ,21st July 2011,,,Economy Class,,,0,0,0,0,0,0,1,
japan airlines,7,Japan Airlines customer review, (Indonesia) ,6th July 2011,,,Economy Class,,,0,0,0,0,0,0,4,yes
japan airlines,6,Japan Airlines customer review, (Indonesia) ,30th June 2011,,,Economy Class,,,0,0,0,0,0,0,1,
japan airlines,7,Japan Airlines customer review, (Indonesia) ,25th June 2011,,,Business Class,,,0,0,0,0,0,0,4,yes
japan airlines,2,Japan Airlines customer review, (Indonesia) ,30th May 2011,,,Economy Class,,,0,0,0,0,0,0,1,
japan airlines,8,Japan Airlines customer review, (Indonesia) ,21st May 2011,,,Economy Class,,,0,0,0,0,0,0,4,yes
japan airlines,10,Japan Airlines customer review, (Indonesia) ,21st May 2011,,,Economy Class,,,0,0,0,0,0,0,4,yes
japan airlines,10,Japan Airlines customer review, (Indonesia) ,11th May 2011,,,Business Class,,,0,0,0,0,0,0,4,yes
japan airlines,2,Japan Airlines customer review, (Australia) ,9th October 2011,,,Premium Economy,,,0,0,0,0,0,0,1,
japan airlines,9,Japan Airlines customer review, (Australia) ,9th October 2011,,,First Class,,,0,0,0,0,0,0,4,yes
japan airlines,4,Japan Airlines customer review, (Australia) ,21st September 2011,,,Economy Class,,,0,0,0,0,0,0,1,
japan airlines,10,Japan Airlines customer review, (Australia) ,10th September 2011,,,Economy Class,,,0,0,0,0,0,0,4,yes
japan airlines,,Japan Airlines customer review, (Australia) ,1st September 2011,,,Economy Class,,,0,0,0,0,0,0,1,
japan airlines,,Japan Airlines customer review, (Australia) ,29th August 2011,,,Premium Economy,,,0,0,0,0,0,0,1,
japan airlines,9,Japan Airlines customer review, (Australia) ,24th August 2011,,,Economy Class,,,0,0,0,0,0,0,4,yes
japan airlines,10,Japan Airlines customer review, (Australia) ,23rd August 2011,,,Economy Class,,,0,0,0,0,0,0,4,yes
japan airlines,8,Japan Airlines customer review, (Australia) ,21st August 2011,,,Economy Class,,,0,0,0,0,0,0,4,yes
japan airlines,10,Japan Airlines customer review, (Australia) ,18th August 2011,,,Premium Economy,,,0,0,0,0,0,0,4,yes
japan airlines,10,Japan Airlines customer review, (United States) ,31st December 2014,,,Economy Class,,,4,5,5,5,0,0,5,yes
japan airlines,9,Japan Airlines customer review, (United States) ,29th December 2014,,,Economy Class,,,4,5,5,4,0,0,3,yes
japan airlines,1,Japan Airlines customer review, (United States) ,1st December 2014,,,Economy Class,,,3,2,2,3,0,0,1,
japan airlines,7,Japan Airlines customer review, (United States) ,20th November 2014,,,Business Class,,,4,4,3,3,0,0,4,yes
japan airlines,10,Japan Airlines customer review, (United States) ,28th October 2014,,,Business Class,,,5,5,5,5,0,0,5,yes
japan airlines,2,Japan Airlines customer review, (United States) ,22nd October 2014,,,Business Class,,,1,4,3,2,0,0,2,
japan airlines,9,Japan Airlines customer review, (United States) ,1st October 2014,,,Economy Class,,,4,5,4,0,0,0,5,yes
japan airlines,9,Japan Airlines customer review, (United States) ,22nd September 2014,,,Premium Economy,,,5,5,5,3,0,0,5,yes
japan airlines,9,Japan Airlines customer review, (United States) ,6th September 2014,,,Business Class,,,4,5,4,3,0,0,5,yes
japan airlines,10,Japan Airlines customer review, (United States) ,14th August 2014,,,Economy Class,,,4,5,4,4,0,0,5,yes
japan airlines,,Japan Airlines customer review, (Australia) ,12th April 2015,,,Economy Class,,,1,3,3,2,0,0,1,
japan airlines,8,Japan Airlines customer review, (Australia) ,8th April 2015,,,Economy Class,,,3,4,4,5,0,0,4,yes
japan airlines,10,Japan Airlines customer review, (Australia) ,6th April 2015,,,Economy Class,,,5,5,4,5,0,0,5,yes
japan airlines,8,Japan Airlines customer review, (Australia) ,4th April 2015,,,Economy Class,,,3,4,4,3,0,0,4,yes
japan airlines,2,Japan Airlines customer review, (Australia) ,1st April 2015,,,Economy Class,,,2,1,3,2,0,0,1,
japan airlines,9,Japan Airlines customer review, (Australia) ,28th March 2015,,,Economy Class,,,3,5,4,3,0,0,5,yes
japan airlines,8,Japan Airlines customer review, (Australia) ,18th February 2015,,,Business Class,,,3,5,4,4,0,0,3,yes
japan airlines,10,Japan Airlines customer review, (Australia) ,6th February 2015,,,Economy Class,,,5,5,5,5,0,0,5,yes
japan airlines,8,Japan Airlines customer review, (Australia) ,30th January 2015,,,Business Class,,,5,4,4,4,0,0,3,yes
japan airlines,10,Japan Airlines customer review, (Australia) ,14th January 2015,,,Economy Class,,,4,5,4,5,0,0,4,yes
japan airlines,5,Japan Airlines customer review, (Ireland) ,1st June 2015,,,Economy Class,,,4,5,3,2,0,0,4,yes
japan airlines,5,Japan Airlines customer review, (Ireland) ,29th May 2015,,,Business Class,,,2,3,1,2,0,0,2,
japan airlines,10,Japan Airlines customer review, (Ireland) ,20th May 2015,,,Economy Class,,,4,5,5,5,0,0,4,yes
japan airlines,9,Japan Airlines customer review, (Ireland) ,12th May 2015,,,Economy Class,,,3,5,3,4,0,0,5,yes
japan airlines,9,Japan Airlines customer review, (Ireland) ,24th April 2015,,,Economy Class,,,3,5,4,4,0,0,4,yes
japan airlines,8,Japan Airlines customer review, (Ireland) ,23rd April 2015,,,Economy Class,,,3,5,5,5,0,0,4,yes
japan airlines,5,Japan Airlines customer review, (Ireland) ,20th April 2015,,,Economy Class,,,1,3,2,4,0,0,3,
japan airlines,2,Japan Airlines customer review, (Ireland) ,19th April 2015,,,Economy Class,,,2,2,4,2,0,0,2,
japan airlines,9,Japan Airlines customer review, (Ireland) ,16th April 2015,,,Economy Class,,,5,5,5,4,0,0,4,yes
japan airlines,10,Japan Airlines customer review, (Ireland) ,16th April 2015,,,Economy Class,,,4,5,5,5,0,0,5,yes
japan airlines,8,Japan Airlines customer review, (Australia) ,7th August 2015,Boeing 777-200,Family Leisure,Economy Class,Sydney to Osaka (ITM) via Narita,June 2015,4,5,4,3,5,0,5,yes
japan airlines,10,Japan Airlines customer review, (Australia) ,5th August 2015,Boeing 787,Family Leisure,Economy Class,BKK to NRT,July 2015,5,5,5,5,4,0,4,yes
japan airlines,9,Japan Airlines customer review, (Australia) ,3rd August 2015,Boeing 767-300ER,Business,Economy Class,KUL to NRT,August 2015,5,4,4,5,3,0,3,yes
japan airlines,5,Japan Airlines customer review, (Australia) ,25th July 2015,Dreamliner,Couple Leisure,Economy Class,Boston Logan to Tokyo Narita ,July 2015,1,5,3,2,5,1,2,
japan airlines,4,Japan Airlines customer review, (Australia) ,22nd July 2015,Boeing 777-300,Family Leisure,Economy Class,SFO to HND,July 2015,2,3,1,3,5,0,3,
japan airlines,8,Japan Airlines customer review, (Australia) ,20th July 2015,"Boeing 777-300ER, Boeing 767",Solo Leisure,Economy Class,New York to Shanghai Pudong via Tokyo Narita,July 2015,5,5,5,3,4,4,4,yes
japan airlines,10,Japan Airlines customer review, (Australia) ,3rd July 2015,Boeing 767-300,Solo Leisure,Business Class,OKA to SIN via HND,July 2015,5,5,4,2,4,0,5,yes
japan airlines,7,Japan Airlines customer review, (Australia) ,19th June 2015,,Couple Leisure,Economy Class,Bangkok to Osaka via Tokyo,June 2015,4,4,3,3,5,0,3,yes
japan airlines,8,Japan Airlines customer review, (Australia) ,16th June 2015,,Family Leisure,Economy Class,MNL to NRT,June 2015,5,4,3,4,3,0,5,yes
japan airlines,9,Japan Airlines customer review, (Australia) ,15th June 2015,B767,Family Leisure,Economy Class,NRT to MNL,June 2015,5,5,4,4,5,0,5,yes
japan airlines,10,Japan Airlines customer review, (United States) ,2nd January 2014,,,First Class,,,5,5,5,4,0,0,5,yes
japan airlines,8,Japan Airlines customer review, (United States) ,27th November 2013,,,Economy Class,,,4,5,3,5,0,0,4,yes
japan airlines,10,Japan Airlines customer review, (United States) ,19th November 2013,,,Economy Class,,,4,5,5,4,0,0,4,yes
japan airlines,2,Japan Airlines customer review, (United States) ,10th November 2013,,,Economy Class,,,1,3,1,1,0,0,1,
japan airlines,7,Japan Airlines customer review, (United States) ,29th October 2013,,,Premium Economy,,,2,5,3,3,0,0,5,yes
japan airlines,7,Japan Airlines customer review, (United States) ,15th October 2013,,,Business Class,,,3,4,4,2,0,0,4,
japan airlines,10,Japan Airlines customer review, (United States) ,30th September 2013,,,Economy Class,,,5,5,5,5,0,0,5,yes
japan airlines,3,Japan Airlines customer review, (United States) ,21st August 2013,,,Business Class,,,3,3,2,2,0,0,3,
japan airlines,7,Japan Airlines customer review, (United States) ,4th August 2013,,,Economy Class,,,4,4,3,3,0,0,4,yes
japan airlines,10,Japan Airlines customer review, (United States) ,4th August 2013,,,Economy Class,,,5,5,5,4,0,0,4,yes
japan airlines,7,Japan Airlines customer review, (United States) ,26th March 2014,,,Economy Class,,,3,5,1,5,0,0,3,yes
japan airlines,10,Japan Airlines customer review, (United States) ,24th March 2014,,,Economy Class,,,5,5,5,5,0,0,5,yes
japan airlines,9,Japan Airlines customer review, (United States) ,24th March 2014,,,Economy Class,,,5,5,5,4,0,0,4,yes
japan airlines,4,Japan Airlines customer review, (United States) ,13th March 2014,,,Business Class,,,3,3,2,3,0,0,3,
japan airlines,1,Japan Airlines customer review, (United States) ,6th March 2014,,,Economy Class,,,2,3,2,2,0,0,1,
japan airlines,8,Japan Airlines customer review, (United States) ,17th February 2014,,,Economy Class,,,4,5,4,4,0,0,4,yes
japan airlines,7,Japan Airlines customer review, (United States) ,11th February 2014,,,Economy Class,,,4,5,3,3,0,0,3,yes
japan airlines,6,Japan Airlines customer review, (United States) ,20th January 2014,,,Economy Class,,,1,3,2,1,0,0,3,
japan airlines,10,Japan Airlines customer review, (United States) ,10th January 2014,,,Economy Class,,,4,5,4,4,0,0,5,yes
japan airlines,9,Japan Airlines customer review, (United States) ,2nd January 2014,,,Business Class,,,3,5,5,3,0,0,4,yes
japan airlines,4,Japan Airlines customer review, (Singapore) ,14th December 2009,,,Economy Class,,,0,0,0,0,0,0,4,
japan airlines,6,Japan Airlines customer review, (Singapore) ,9th December 2009,,,Economy Class,,,0,0,0,0,0,0,4,yes
japan airlines,6,Japan Airlines customer review, (Singapore) ,7th December 2009,,,Economy Class,,,0,0,0,0,0,0,4,yes
japan airlines,10,Japan Airlines customer review, (Vietnam) ,7th February 2011,,,Economy Class,,,0,0,0,0,0,0,4,yes
japan airlines,9,Japan Airlines customer review, (Vietnam) ,26th January 2011,,,Business Class,,,0,0,0,0,0,0,4,yes
japan airlines,6,Japan Airlines customer review, (Vietnam) ,7th January 2011,,,Economy Class,,,0,0,0,0,0,0,4,yes
japan airlines,9,Japan Airlines customer review, (Vietnam) ,7th November 2010,,,Economy Class,,,0,0,0,0,0,0,4,yes
japan airlines,7,Japan Airlines customer review, (Vietnam) ,3rd November 2010,,,Business Class,,,0,0,0,0,0,0,4,yes
japan airlines,7,Japan Airlines customer review, (Vietnam) ,27th October 2010,,,Economy Class,,,0,0,0,0,0,0,4,yes
japan airlines,6,Japan Airlines customer review, (Vietnam) ,27th October 2010,,,Economy Class,,,0,0,0,0,0,0,4,
japan airlines,5,Japan Airlines customer review, (Vietnam) ,26th October 2010,,,Economy Class,,,0,0,0,0,0,0,4,
japan airlines,8,Japan Airlines customer review, (Vietnam) ,10th October 2010,,,Premium Economy,,,0,0,0,0,0,0,4,yes
japan airlines,8,Japan Airlines customer review, (Vietnam) ,19th September 2010,,,Business Class,,,0,0,0,0,0,0,4,yes
japan airlines,3,Japan Airlines customer review, (United States) ,10th September 2010,,,Economy Class,,,0,0,0,0,0,0,4,
japan airlines,7,Japan Airlines customer review, (United States) ,21st August 2010,,,Economy Class,,,0,0,0,0,0,0,4,yes
japan airlines,6,Japan Airlines customer review, (United States) ,18th August 2010,,,Economy Class,,,0,0,0,0,0,0,4,yes
japan airlines,5,Japan Airlines customer review, (United States) ,29th March 2010,,,Business Class,,,0,0,0,0,0,0,1,
japan airlines,9,Japan Airlines customer review, (United States) ,28th March 2010,,,Business Class,,,0,0,0,0,0,0,4,yes
japan airlines,10,Japan Airlines customer review, (United States) ,12th March 2010,,,First Class,,,0,0,0,0,0,0,4,yes
japan airlines,8,Japan Airlines customer review, (United States) ,6th March 2010,,,Business Class,,,0,0,0,0,0,0,4,yes
japan airlines,9,Japan Airlines customer review, (United States) ,17th February 2010,,,Economy Class,,,0,0,0,0,0,0,4,yes
japan airlines,6,Japan Airlines customer review, (United States) ,12th January 2010,,,Economy Class,,,0,0,0,0,0,0,4,
japan airlines,9,Japan Airlines customer review, (United States) ,26th December 2009,,,Economy Class,,,0,0,0,0,0,0,4,yes
japan airlines,10,Japan Airlines customer review, (United States) ,23rd June 2014,,,Economy Class,,,4,5,3,5,0,0,5,yes
japan airlines,10,Japan Airlines customer review, (United States) ,8th June 2014,,,Business Class,,,5,5,3,5,0,0,5,yes
japan airlines,8,Japan Airlines customer review, (United States) ,2nd June 2014,,,Economy Class,,,3,5,3,2,0,0,5,yes
japan airlines,9,Japan Airlines customer review, (United States) ,27th May 2014,,,Business Class,,,4,4,5,3,0,0,4,yes
japan airlines,7,Japan Airlines customer review, (United States) ,26th May 2014,,,Economy Class,,,4,4,3,4,0,0,4,yes
japan airlines,7,Japan Airlines customer review, (United States) ,17th May 2014,,,Economy Class,,,3,5,3,3,0,0,3,yes
japan airlines,8,Japan Airlines customer review, (United States) ,16th May 2014,,,Premium Economy,,,4,4,3,2,0,0,3,yes
japan airlines,10,Japan Airlines customer review, (United States) ,22nd April 2014,,,First Class,,,5,5,5,5,0,0,5,yes
japan airlines,5,Japan Airlines customer review, (United States) ,7th April 2014,,,Business Class,,,2,3,4,2,0,0,4,
japan airlines,7,Japan Airlines customer review, (United States) ,28th March 2014,,,Business Class,,,3,4,3,3,0,0,3,yes
japan airlines,8,Japan Airlines customer review, (Australia) ,10th May 2011,,,Business Class,,,0,0,0,0,0,0,4,yes
japan airlines,9,Japan Airlines customer review, (Australia) ,24th April 2011,,,Business Class,,,0,0,0,0,0,0,4,yes
japan airlines,9,Japan Airlines customer review, (Australia) ,10th April 2011,,,Business Class,,,0,0,0,0,0,0,4,yes
japan airlines,9,Japan Airlines customer review, (Australia) ,4th April 2011,,,Economy Class,,,0,0,0,0,0,0,4,yes
japan airlines,4,Japan Airlines customer review, (Australia) ,14th March 2011,,,Business Class,,,0,0,0,0,0,0,1,
japan airlines,3,Japan Airlines customer review, (Australia) ,14th March 2011,,,Business Class,,,0,0,0,0,0,0,1,
japan airlines,6,Japan Airlines customer review, (Australia) ,8th March 2011,,,Business Class,,,0,0,0,0,0,0,1,
japan airlines,9,Japan Airlines customer review, (Australia) ,6th March 2011,,,Economy Class,,,0,0,0,0,0,0,4,yes
japan airlines,6,Japan Airlines customer review, (Australia) ,5th March 2011,,,Economy Class,,,0,0,0,0,0,0,4,yes
japan airlines,6,Japan Airlines customer review, (Australia) ,18th February 2011,,,Business Class,,,0,0,0,0,0,0,1,yes
japan airlines,8,Japan Airlines customer review, (United States) ,22nd July 2012,,,Economy Class,,,4,4,4,3,0,0,4,yes
japan airlines,7,Japan Airlines customer review, (United States) ,15th July 2012,,,Economy Class,,,4,5,3,4,0,0,5,yes
japan airlines,8,Japan Airlines customer review, (United States) ,19th June 2012,,,Economy Class,,,3,4,4,3,0,0,4,yes
japan airlines,9,Japan Airlines customer review, (United States) ,18th June 2012,,,Economy Class,,,4,5,5,4,0,0,4,yes
japan airlines,8,Japan Airlines customer review, (United States) ,17th June 2012,,,Economy Class,,,4,5,4,3,0,0,5,yes
japan airlines,9,Japan Airlines customer review, (United States) ,17th June 2012,,,Business Class,,,4,5,3,4,0,0,4,yes
japan airlines,9,Japan Airlines customer review, (United States) ,27th May 2012,,,Business Class,,,5,5,4,4,0,0,4,yes
japan airlines,3,Japan Airlines customer review, (United States) ,20th May 2012,,,Business Class,,,1,5,5,4,0,0,2,
japan airlines,2,Japan Airlines customer review, (United States) ,25th April 2012,,,Economy Class,,,3,1,2,2,0,0,2,
japan airlines,9,Japan Airlines customer review, (United States) ,12th April 2012,,,Economy Class,,,5,5,5,4,0,0,5,yes
