korean air,2,"""highly allergic to paint""", (United States) ,11th February 2019,,Couple Leisure,Economy Class,Los Angeles to Seoul,February 2019,4,4,4,4,4,1,2,
korean air,1,"""Worst international airline""", (United States) ,11th February 2019,,Solo Leisure,Economy Class,Washington to Seoul,February 2019,1,1,1,2,1,1,1,
korean air,9,"""Next trip with Korean air""", (United States) ,28th January 2019,,Couple Leisure,Economy Class,Seoul to Brisbane,January 2019,4,5,4,2,4,0,4,yes
korean air,10,"""highly recommend Korean Air""", (United States) ,23rd January 2019,,Solo Leisure,Economy Class,San Francisco to Seoul,January 2019,5,5,5,5,5,5,5,yes
korean air,1,"""the coldest airport staff""", (United States) ,14th December 2018,,Family Leisure,Economy Class,Seoul to Ho Chi Minh City,December 2018,2,2,2,0,1,0,2,
korean air,1,"""refused to even talk to me""", (United States) ,23rd November 2018,,Family Leisure,Economy Class,Seattle to Seoul,November 2018,1,1,0,1,1,1,1,
korean air,4,"""hardware was very dated""", (United States) ,23rd November 2018,Boeing 747-8i,Business,Business Class,Seoul to Kuala Lumpur,November 2018,2,2,2,2,3,0,4,
korean air,10,"""staff is efficient""", (United States) ,20th November 2018,,Solo Leisure,Economy Class,Seoul to Toronto,November 2018,4,5,5,5,5,0,5,yes
korean air,7,"""Very sterile service""", (United States) ,18th November 2018,A330-300,Solo Leisure,Business Class,Honolulu to Narita,November 2018,4,3,2,1,5,0,3,yes
korean air,8,"""Had a nice flight""", (United States) ,13th November 2018,A330-300,Business,Economy Class,Seoul to Jeju,November 2018,5,5,0,0,5,0,5,yes
korean air,1,"""flight attendants were terrible""", (Thailand) ,9th December 2017,Boeing 777-300,Solo Leisure,Business Class,Bangkok to Atlanta via Seoul,December 2017,4,1,1,1,3,0,1,
korean air,10,"""level of personalized service""", (Thailand) ,8th December 2017,,Couple Leisure,Economy Class,JeJu Island to Seoul via Degeau,December 2017,5,5,0,0,5,0,5,yes
korean air,4,"""not fly them again by choice.""", (Thailand) ,6th December 2017,A330-300,Solo Leisure,Economy Class,Bali Denpasar to Seoul Incheon,December 2017,4,2,3,5,3,0,4,
korean air,8,"""good value for money""", (Thailand) ,5th December 2017,A330 / A380,Couple Leisure,Economy Class,Bangkok to Seoul,December 2017,5,5,5,3,5,0,5,yes
korean air,9,Korean Air customer review, (Thailand) ,26th November 2017,,Family Leisure,Economy Class,Bangkok to Seoul,November 2017,4,5,4,4,4,0,4,yes
korean air,7,"""comfortable seat with ample leg space""", (Thailand) ,17th November 2017,,Solo Leisure,Economy Class,Incheon to Singapore,November 2017,5,4,3,3,3,0,4,yes
korean air,1,"""the worst that I have ever flown""", (Thailand) ,12th November 2017,A380,Business,Business Class,New York JFK to Seoul,November 2017,1,1,1,1,1,1,1,
korean air,9,"""commend the flight attendants""", (Thailand) ,17th October 2017,Boeing 747,Solo Leisure,Economy Class,Seoul to Honolulu,March 2017,4,5,5,5,3,3,5,yes
korean air,9,"""Seats still extremely spacious with leg room""", (Thailand) ,25th September 2017,Boeing 777-300ER,Solo Leisure,Economy Class,Incheon to Atlanta,September 2017,5,5,4,4,5,0,5,yes
korean air,2,"""totally unacceptable service """, (Thailand) ,20th September 2017,,Business,Economy Class,Seoul to Hanoi,September 2017,1,1,2,3,1,0,2,
korean air,3,"""appallingly slow with zero sense of urgency""", (Thailand) ,12th February 2017,,Business,Economy Class,Seoul to Bangkok,February 2017,3,2,3,3,1,0,2,
korean air,1,"""terrible customer service""", (Thailand) ,10th February 2017,,Family Leisure,Economy Class,LAX to HKT via ICN,February 2017,0,0,0,0,1,0,1,
korean air,10,"""impressed by the legroom""", (Thailand) ,3rd February 2017,A330-300 / B747-400,Solo Leisure,Economy Class,Singapore to Honolulu via Seoul,January 2017,5,5,5,5,5,5,5,yes
korean air,10,"""exceptionally good value""", (Thailand) ,24th January 2017,Boeing 747,Couple Leisure,Business Class,Auckland to London via Seoul,January 2017,5,5,5,5,5,0,5,yes
korean air,8,"""very polite charming flight attendants""", (Thailand) ,19th January 2017,Boeing 777-300 and Boeing 747-8,Solo Leisure,Business Class,LHR to AKL via ICN,January 2017,4,4,4,3,5,0,4,yes
korean air,7,"""everyone was extremely courteous and professional""", (Thailand) ,13th January 2017,"Boeing 777-300, A380 ",Couple Leisure,Business Class,LHR to SYD via INC,January 2017,3,4,3,3,4,0,4,yes
korean air,8,"""service was exceptional""", (Thailand) ,13th January 2017,A380-800,Solo Leisure,Economy Class,CDG to ICN,August 2016,4,5,5,4,5,0,5,yes
korean air,10,"""would not hesitate to fly again with them""", (Thailand) ,5th January 2017,,Solo Leisure,Economy Class,MNL to LAS,March 2016,5,5,5,5,5,0,5,yes
korean air,7,"""food mediocre on both legs""", (Thailand) ,5th January 2017,"Boeing 777, A380",Couple Leisure,Business Class,LHR to SYD via ICN,January 2017,2,4,3,2,5,1,5,yes
korean air,1,"""my last flight with them""", (Thailand) ,13th December 2016,,Solo Leisure,Economy Class,HKG to NAN via ICN,December 2016,2,1,1,1,1,0,2,
korean air,1,"""Very poor customer service""", (Canada) ,28th November 2022,,Family Leisure,Economy Class,Montreal to Incheon via Vancouver,January 2022,3,4,3,3,3,0,1,
korean air,10,"""Service was consistent!", (Canada) ,5th November 2022,,Business,Economy Class,Tokyo Haneda to Seoul Gimpo,October 2022,5,5,4,4,5,0,5,yes
korean air,8,"""impressed with the spacious cabin""", (Canada) ,8th August 2022,Boeing 777,Business,Economy Class,Singapore to Seoul,May 2022,5,5,4,4,5,0,5,yes
korean air,1,"""never had an airline weigh my carry-ons""", (Canada) ,19th July 2022,,Couple Leisure,Economy Class,San Francisco to Seoul,July 2022,2,2,1,4,1,0,1,
korean air,2,"""Poor reducing customer service2", (Canada) ,18th May 2022,,Solo Leisure,Economy Class,Jakarta to Seoul,May 2022,1,1,1,0,1,0,1,
korean air,10,"""great for a 1 hour flight""", (Canada) ,1st May 2022,A330,Solo Leisure,Economy Class,Seoul to Jeju ,March 2022,5,5,5,5,5,5,5,yes
korean air,4,"""a nice flight overall""", (Canada) ,24th March 2022,A330 / Boeing 787,Business,Business Class,Phnom Penh to Washington via Seoul,March 2022,4,1,1,2,4,0,2,
korean air,1,"""never by Korean Air again""", (Canada) ,25th June 2021,,Family Leisure,Economy Class,Phnom Penh to Los Angeles via Seoul,June 2021,3,1,2,1,1,0,1,
korean air,9,"""flight was one of the best""", (Canada) ,16th May 2021,Boeing 747-8i,Family Leisure,Economy Class,Honolulu to Seoul-Incheon,June 2019,4,5,4,3,5,0,5,yes
korean air,10,"""will fly Korean Air whenever possible""", (Canada) ,20th March 2020,,Family Leisure,Economy Class,San Francisco to Clark via Incheon,March 2020,5,5,5,0,5,0,5,yes
korean air,1,"""never travel with Korean Air again""", (Denmark) ,9th January 2018,,Family Leisure,Economy Class,Seoul to Amsterdam,January 2018,1,4,3,1,1,1,1,
korean air,9,"""a very good experience""", (Denmark) ,9th January 2018,Boeing 747-8 / A330,Business,Business Class,Frankfurt to Shanghai via Seoul,November 2017,5,5,4,4,4,4,5,yes
korean air,6,"""unpleasant one to travel with""", (Denmark) ,5th January 2018,,Couple Leisure,Economy Class,Los Angeles to Incheon,December 2017,3,5,3,4,5,0,3,
korean air,8,"""I had a positive experience""", (Denmark) ,1st January 2018,A330,Couple Leisure,Economy Class,Seoul to Moscow,December 2017,5,5,4,5,2,0,5,yes
korean air,8,"""food was of good standard""", (Denmark) ,31st December 2017,Boeing 747-8,Solo Leisure,Business Class,Seoul to Prague,October 2017,5,5,4,4,4,0,5,yes
korean air,1,"""Worst flight experience ever""", (Denmark) ,25th December 2017,,Couple Leisure,Economy Class,Seoul to Manila,December 2017,3,1,0,0,1,0,1,
korean air,1,"""recommend to avoid this airline""", (Denmark) ,24th December 2017,,Solo Leisure,Economy Class,Seoul to Kathmandu,December 2017,3,3,3,2,1,1,1,
korean air,2,"""failed to inform passengers""", (Denmark) ,23rd December 2017,,Solo Leisure,Economy Class,San Francisco to Tokyo via Seoul,December 2017,4,4,3,3,1,0,2,
korean air,6,"""they are very robotic""", (Denmark) ,21st December 2017,,Solo Leisure,Economy Class,San Francisco to Mumbai via Seoul,December 2017,3,2,3,2,4,0,4,yes
korean air,4,"""all of their four legs was delayed""", (Denmark) ,13th December 2017,,Solo Leisure,Economy Class,Dallas Ft Worth to Ho Chi Minh City via Seoul,December 2017,3,3,2,3,3,0,3,
korean air,8,"""staff are friendly""", (Australia) ,9th August 2018,A330-300,Solo Leisure,Business Class,Busan to Jeju,August 2018,5,5,2,0,4,0,4,yes
korean air,9,"""like the foods on board""", (Australia) ,6th July 2018,Boeing 787-9,Family Leisure,Economy Class,Manila to Toronto via Seoul Incheon,April 2018,4,5,5,5,4,0,4,yes
korean air,9,"""seats with unbelievable leg space""", (Australia) ,2nd July 2018,"A330-300, Boeing 747-8",Couple Leisure,Economy Class,Brisbane to Rome via Seoul,August 2017,5,5,5,4,4,4,4,yes
korean air,2,"""utter lack of caring""", (Australia) ,27th June 2018,,Family Leisure,Economy Class,Chicago to Bangkok via Seoul,June 2018,2,2,0,0,1,0,1,
korean air,9,"""friendly and personable""", (Australia) ,22nd June 2018,A380,Solo Leisure,Economy Class,Seoul Incheon to Amsterdam,May 2018,5,5,4,3,5,0,5,yes
korean air,3,"""nickel and dime culture""", (Australia) ,15th June 2018,A380,Family Leisure,Economy Class,Los Angeles to Chiang Mai via Seoul,May 2018,2,4,1,3,4,0,2,
korean air,9,"""Transit was a breeze""", (Australia) ,11th June 2018,A380,Solo Leisure,Economy Class,Cebu to New York via Seoul,June 2018,5,5,5,5,4,0,5,yes
korean air,7,"""absence of footrest in economy""", (Australia) ,22nd May 2018,,Business,Economy Class,Manila to New York via Seoul-Incheon,March 2018,5,3,4,3,5,0,4,yes
korean air,8,"""would fly Korean Air again""", (Australia) ,14th May 2018,Boeing 777-300,Solo Leisure,Business Class,Singapore to Seoul,May 2018,5,4,1,3,5,0,4,yes
korean air,9,"""I would fly with KE again""", (Australia) ,1st May 2018,Boeing 777-200/300,Solo Leisure,Economy Class,Auckland to Osaka via Seoul,April 2018,5,5,5,3,5,0,5,yes
korean air,4,"""not use this airline again""", (Thailand) ,26th April 2018,,Solo Leisure,Economy Class,Seoul to Tokyo Narita,April 2018,3,4,3,4,1,3,2,
korean air,6,"""the food was below par""", (Thailand) ,23rd April 2018,,Business,Economy Class,Singapore to Seoul,April 2018,3,4,2,4,4,0,4,yes
korean air,1,"""never recommend flying Korean Air""", (Thailand) ,7th April 2018,,Family Leisure,Economy Class,Vancouver to Cebu via Seoul,April 2018,1,1,1,1,1,1,1,
korean air,9,"""aircraft was new and comfy""", (Thailand) ,19th March 2018,,Family Leisure,Economy Class,Taipei to Seoul,March 2018,5,5,5,5,3,0,4,yes
korean air,9,"""polite, helpful, and nice""", (Thailand) ,13th March 2018,,Solo Leisure,Economy Class,Seoul to Beijing,March 2018,5,5,5,0,5,0,5,yes
korean air,8,"""It was a nice experience""", (Thailand) ,23rd February 2018,A330-300 / Boeing 777-300ER,Family Leisure,Economy Class,Ho Chi Minh to Seattle via Incheon,February 2018,5,3,5,2,3,0,4,yes
korean air,3,"""a pathetic experience""", (Thailand) ,18th February 2018,,Solo Leisure,Economy Class,Fukuoka to Delhi via Seoul,January 2018,3,3,2,3,2,0,3,
korean air,9,"""perfect cabin crew""", (Thailand) ,15th February 2018,Boeing 777-300ER,Family Leisure,Business Class,San Francisco to Jakarta via Incheon,January 2018,4,5,5,4,5,0,5,yes
korean air,10,"""FA's polite and attentive""
", (Thailand) ,11th February 2018,A380,Solo Leisure,Economy Class,New York JFK to Manila via Incheon,November 2017,4,5,5,5,5,4,5,yes
korean air,3,"""Service was inexcusable""", (Thailand) ,10th February 2018,Boeing 747-8,Solo Leisure,Business Class,New York JFK to Shanghai via Seoul,January 2018,4,2,1,2,1,0,2,
korean air,5,"""seats are somewhat out of date""", (South Korea) ,3rd July 2019,A380,Family Leisure,Business Class,Seoul to London,July 2019,3,4,4,4,1,0,4,
korean air,4,"""it's so hard to book with them""", (South Korea) ,28th June 2019,,Solo Leisure,Economy Class,Seoul to Bangkok,June 2019,3,4,4,3,5,0,1,
korean air,3,"""very bothering experience""", (South Korea) ,12th June 2019,,Business,Economy Class,Incheon to New York,June 2019,3,4,3,2,2,0,2,
korean air,2,"""wouldn’t recommend it""", (South Korea) ,24th May 2019,Boeing 777,Business,Business Class,Chicago to Seoul,May 2019,1,1,1,1,2,0,1,
korean air,9,"""Cabin staff attentive""", (South Korea) ,26th April 2019,A380,Couple Leisure,Economy Class,Incheon to London Heathrow,April 2019,4,5,5,5,5,0,5,yes
korean air,9,"""attentive but not so friendly""", (South Korea) ,3rd April 2019,,Family Leisure,Economy Class,Tokyo to Seoul,March 2019,5,4,5,2,4,0,5,yes
korean air,8,"""Other than the heat it’s fabulous""", (South Korea) ,31st March 2019,,Couple Leisure,Economy Class,San Francisco to Brisbane via Seoul,March 2019,4,5,5,5,5,0,5,yes
korean air,1,"""Horrendous problem solving""", (South Korea) ,28th February 2019,,Family Leisure,Business Class,Sapporo to Phuket via Seoul,February 2019,1,1,1,1,1,1,1,
korean air,10,"""the most excellent crew """, (South Korea) ,22nd February 2019,,Solo Leisure,Business Class,Honolulu to Incheon,February 2019,5,5,4,5,5,0,5,yes
korean air,10,"""recommend the airline""", (South Korea) ,17th February 2019,,Solo Leisure,Economy Class,Incheon to Auckland,February 2019,5,5,4,4,5,0,5,yes
korean air,3,"""nothing very impressive""", (French Polynesia) ,7th September 2019,Boeing 748,Business,Economy Class,Incheon to Bangkok,July 2019,2,2,1,2,2,0,2,
korean air,5,"""overall poor customer service""", (French Polynesia) ,5th September 2019,,Solo Leisure,Business Class,Hong Kong to Shenyang via Seoul,September 2019,4,3,4,3,2,0,3,
korean air,3,"""experience is bad""", (French Polynesia) ,3rd September 2019,A380,Solo Leisure,Economy Class,Los Angeles to Bangkok via Seoul,September 2019,4,2,2,3,1,0,4,
korean air,6,"""experience onboard Korean was underwhelming""", (French Polynesia) ,22nd August 2019,A380,Solo Leisure,Economy Class,Dalian to Los Angeles via Seoul,August 2019,4,3,3,4,3,0,3,
korean air,6,"""Tomato Soup for breakfast?""", (French Polynesia) ,7th August 2019,A380,Business,Business Class,Sydney to- New York via Soul,July 2019,2,5,3,1,4,1,3,
korean air,9,"""thank her for her amazing help""", (French Polynesia) ,5th August 2019,,Solo Leisure,Economy Class,Seoul to Sydney,July 2019,4,5,4,4,4,0,4,yes
korean air,9,"""food was very good quality""", (French Polynesia) ,2nd August 2019,A380,Couple Leisure,Business Class,Paris to Seoul Incheon,July 2019,5,5,4,3,4,0,5,yes
korean air,8,"""IFE screens were good""", (French Polynesia) ,1st August 2019,Boeing 787-9,Couple Leisure,Economy Class,Seoul to Madrid,July 2019,4,4,4,3,4,0,4,yes
korean air,8,"""professional and courteous""", (French Polynesia) ,1st August 2019,A330-300,Couple Leisure,Economy Class,Sydney to Incheon,July 2019,4,5,4,3,4,0,4,yes
korean air,9,"""would recommend this airline as always""", (French Polynesia) ,10th July 2019,Boeing 747-8,Family Leisure,Business Class,Rome Fiumicino to Seoul Incheon ,July 2019,5,5,5,2,5,0,5,yes
korean air,1,"""300 USD for cancelling""", (United States) ,6th March 2020,,Family Leisure,Economy Class,Cebu to Dallas via Seoul,December 2019,4,5,2,4,4,0,2,
korean air,7,"""On-time and friendly crew""", (United States) ,6th March 2020,Boeing 747-8,Family Leisure,Economy Class,Kuala Lumpur to Atlanta via Seoul,February 2020,4,5,3,3,5,0,4,yes
korean air,5,"""certain tickets cannot book seats in advance""", (United States) ,2nd March 2020,Boeing 737-800,Family Leisure,First Class,Seoul to Dalian,February 2020,2,4,3,0,1,0,3,
korean air,8,""" Service on plane was nice""", (United States) ,25th February 2020,Boeing / 777 300 / 747 8i / A330-300,Solo Leisure,Economy Class,Kuala Lumpur to Ulaanbaatar via Seoul,March 2017,4,5,5,4,4,0,4,yes
korean air,7,"""The food was excellent""", (United States) ,24th February 2020,A330-200,Business,Business Class,Amsterdam to Seoul,February 2019,4,4,5,2,3,0,4,yes
korean air,9,"""The service was amazing""", (United States) ,16th February 2020,,Couple Leisure,Economy Class,Bangkok to Vancouver via Seoul,February 2020,4,5,5,4,5,0,5,yes
korean air,1,"""my mother was refused boarding""", (United States) ,6th February 2020,,Solo Leisure,Economy Class,Fiji to London via Seoul,December 2019,0,0,0,0,1,0,1,
korean air,1,Korean Air customer review, (United States) ,31st January 2020,A330-300,Business,Business Class,Ho Chi Minh City to Seoul,December 2019,1,1,1,0,1,0,1,
korean air,10,"""professional and attentive""", (United States) ,31st January 2020,A380,Couple Leisure,Economy Class,Denpasar to Dallas via Seoul,November 2019,3,5,5,4,3,0,5,yes
korean air,5,"""lost my wallet before boarding""", (United States) ,12th December 2019,,Solo Leisure,Economy Class,Seoul to Hong Kong,December 2019,3,2,3,3,2,0,3,
korean air,10,"""recommend this airline""", (United States) ,6th December 2019,Boeing 737-900ER,Solo Leisure,Economy Class,Irkutsk to Incheon ,November 2019,5,5,4,4,5,0,5,yes
korean air,10,"""really enjoyed it""", (United States) ,9th November 2019,,Solo Leisure,Economy Class,London to Tokyo via Seoul,October 2019,3,5,4,3,5,0,5,yes
korean air,2,"""made me dislike this airline""", (United States) ,6th November 2019,,Family Leisure,Economy Class,Seoul to Tokyo,October 2019,4,1,1,2,3,0,3,
korean air,2,"""They insulted me in Korean""", (United States) ,26th October 2019,,Family Leisure,Business Class,Sydney to Seoul,September 2019,2,1,1,1,1,1,2,
korean air,9,"""flying Korean air next time""", (United States) ,26th October 2019,A380 / A330,Family Leisure,Economy Class,Brisbane to London via Seoul,October 2019,4,4,4,4,4,0,5,yes
korean air,8,"""very pleased with Korean Air""", (United States) ,16th October 2019,Boeing 747-8i / A330-300,Family Leisure,Economy Class,Frankfurt to Sydney via Seoul,October 2019,4,5,4,4,5,0,5,yes
korean air,4,"""This airline was disappointing""", (United States) ,4th October 2019,,Solo Leisure,Economy Class,Brisbane to Seoul via Tokyo,March 2019,2,3,3,2,3,0,2,
korean air,10,"""appreciate all their effort""", (United States) ,27th September 2019,,Family Leisure,Economy Class,Jeju to Seoul Gimpo,August 2019,4,4,4,4,5,4,4,yes
korean air,10,"""seats comfortable""", (United States) ,12th September 2019,Boeing 777-200,Family Leisure,Economy Class,Tel Aviv to Seoul,August 2019,5,5,5,5,5,0,5,yes
korean air,7,"""The crew were unfriendly""", (United States) ,8th September 2019,Boeing 747-8/ 777-300,Solo Leisure,Economy Class,Honolulu to Singapore via Seoul,July 2019,4,3,2,3,4,0,3,yes
korean air,1,"""Very poor customer service""", (Canada) ,28th November 2022,,Family Leisure,Economy Class,Montreal to Incheon via Vancouver,January 2022,3,4,3,3,3,0,1,
korean air,10,"""Service was consistent!", (Canada) ,5th November 2022,,Business,Economy Class,Tokyo Haneda to Seoul Gimpo,October 2022,5,5,4,4,5,0,5,yes
korean air,8,"""impressed with the spacious cabin""", (Canada) ,8th August 2022,Boeing 777,Business,Economy Class,Singapore to Seoul,May 2022,5,5,4,4,5,0,5,yes
korean air,1,"""never had an airline weigh my carry-ons""", (Canada) ,19th July 2022,,Couple Leisure,Economy Class,San Francisco to Seoul,July 2022,2,2,1,4,1,0,1,
korean air,2,"""Poor reducing customer service2", (Canada) ,18th May 2022,,Solo Leisure,Economy Class,Jakarta to Seoul,May 2022,1,1,1,0,1,0,1,
korean air,10,"""great for a 1 hour flight""", (Canada) ,1st May 2022,A330,Solo Leisure,Economy Class,Seoul to Jeju ,March 2022,5,5,5,5,5,5,5,yes
korean air,4,"""a nice flight overall""", (Canada) ,24th March 2022,A330 / Boeing 787,Business,Business Class,Phnom Penh to Washington via Seoul,March 2022,4,1,1,2,4,0,2,
korean air,1,"""never by Korean Air again""", (Canada) ,25th June 2021,,Family Leisure,Economy Class,Phnom Penh to Los Angeles via Seoul,June 2021,3,1,2,1,1,0,1,
korean air,9,"""flight was one of the best""", (Canada) ,16th May 2021,Boeing 747-8i,Family Leisure,Economy Class,Honolulu to Seoul-Incheon,June 2019,4,5,4,3,5,0,5,yes
korean air,10,"""will fly Korean Air whenever possible""", (Canada) ,20th March 2020,,Family Leisure,Economy Class,San Francisco to Clark via Incheon,March 2020,5,5,5,0,5,0,5,yes
korean air,10,"""The leg room was spacious""", (Philippines) ,3rd November 2018,A380-800,Solo Leisure,Economy Class,Los Angeles to Manila via Seoul,October 2018,5,5,5,5,5,0,5,yes
korean air,10,"""team were really kind""", (Philippines) ,27th October 2018,,Family Leisure,Economy Class,Okayama to Seoul,October 2018,4,4,3,5,5,0,5,yes
korean air,1,"""make my two kids sit separately""", (Philippines) ,19th October 2018,,Family Leisure,Economy Class,Los Angeles to Singapore via Seoul,October 2018,2,1,1,2,1,1,3,
korean air,3,"""the bad customer service""", (Philippines) ,16th October 2018,,Couple Leisure,Economy Class,Malé to Seoul,October 2018,3,1,3,4,1,0,3,
korean air,1,"""worst flight I have experienced""", (Philippines) ,18th September 2018,A330-300,Solo Leisure,Economy Class,Denpasar to Dallas Ft Worth via Seoul,September 2018,1,1,1,1,2,0,2,
korean air,8,"""a good experience""", (Philippines) ,17th September 2018,,Couple Leisure,Economy Class,Seoul to Bangkok,June 2018,4,5,3,5,4,0,4,yes
korean air,9,"""travel with Korean Air again""", (Philippines) ,31st August 2018,,Solo Leisure,Economy Class,Taipei to San Francisco via Incheon,August 2018,4,5,4,3,5,0,5,yes
korean air,6,"""business class product is sub-par""", (Philippines) ,28th August 2018,Boeing 777-200,Solo Leisure,Business Class,Auckland to Seoul,August 2018,4,3,3,2,4,0,3,
korean air,1,"""worst customer service""", (Philippines) ,19th August 2018,Boeing 777-300,Family Leisure,Business Class,Manila to Los Angeles via Seoul,August 2018,3,4,4,4,1,0,1,
korean air,1,"""I am very disappointed""", (Philippines) ,17th August 2018,,Family Leisure,Economy Class,Manila to New York via Seoul,August 2018,1,4,3,4,1,0,1,
korean air,8,"""Reasonable price too""", (Japan) ,18th September 2017,Boeing 777 / 737,Solo Leisure,Economy Class,Kuala Lumpur to Tokyo via Incheon,September 2017,5,4,3,3,2,0,4,yes
korean air,7,"""pleasant flight overall""", (Japan) ,1st September 2017,,Business,Economy Class,Seoul to Taipei,August 2017,3,4,3,3,4,0,4,yes
korean air,1,"""terrible experience with Korean Air""", (Japan) ,31st August 2017,,Solo Leisure,Economy Class,Seattle to Hanoi via Seoul,August 2017,1,1,1,1,1,1,1,
korean air,10,"""Seat wise it was comfortable""", (Japan) ,17th August 2017,,Solo Leisure,Economy Class,Cebu to Seoul Incheon,July 2017,5,5,5,5,5,0,5,yes
korean air,10,"""service was good as always""", (Japan) ,16th August 2017,,Solo Leisure,Economy Class,Seoul Incheon to Nadi,August 2017,5,5,5,4,5,0,4,yes
korean air,10,"""the meaning of customer service""", (Japan) ,9th August 2017,A380,Couple Leisure,Economy Class,London to Auckland via Seoul,August 2017,5,5,4,4,5,0,5,yes
korean air,10,"""crew were very attentive""", (Japan) ,19th July 2017,Boeing 777,Solo Leisure,Economy Class,Beijing to Washington via Seoul,July 2017,5,5,5,4,5,3,5,yes
korean air,10,"""flight crew was excellent""", (Japan) ,7th July 2017,,Business,Economy Class,Seoul to Rome,June 2017,5,5,5,5,5,0,5,yes
korean air,10,"""best four flights I have ever been on""", (Japan) ,28th June 2017,A380,Family Leisure,Economy Class,London to Sydney via Seoul,June 2017,5,5,5,5,5,3,5,yes
korean air,9,"""provided best possible service""", (Japan) ,9th June 2017,,Couple Leisure,Economy Class,Sydney to Toronto via Seoul,June 2017,5,5,5,4,5,0,5,yes
korean air,8,"""The legroom is remarkable""", (Australia) ,8th June 2017,Boeing 787 / 777-300,Couple Leisure,Economy Class,Toronto to Sydney via Seoul Incheon,June 2017,4,4,4,3,4,0,5,yes
korean air,9,"""Excellent service provided""", (Australia) ,15th May 2017,,Family Leisure,Business Class,Mumbai to Seoul Incheon,May 2017,5,5,5,3,5,3,4,yes
korean air,1,"""never take Korean Air anymore""", (Australia) ,13th May 2017,,Family Leisure,Economy Class,Seoul to Singapore,May 2017,1,2,2,1,1,0,1,
korean air,9,"""leg room was the best""", (Australia) ,10th May 2017,A300,Couple Leisure,Economy Class,Seoul to Brisbane,May 2017,5,5,5,4,4,0,4,yes
korean air,8,"""Excellent service both ways""", (Australia) ,4th May 2017,A380 / Boeing 747-8,Business,Business Class,London to Jeju via Seoul,April 2017,3,5,4,4,3,0,5,yes
korean air,9,"""cheaper than premium economy""", (Australia) ,26th April 2017,,Solo Leisure,Business Class,Auckland to London via Seoul,April 2017,5,5,5,3,5,0,5,yes
korean air,9,"""my flight was wonderful""", (Australia) ,27th March 2017,,Family Leisure,Economy Class,Los Angeles to Manila via Seoul,March 2017,4,5,5,4,5,0,5,yes
korean air,7,"""good and very comfortable""", (Australia) ,24th March 2017,A380,Business,Business Class,Paris to Seoul,March 2017,5,3,3,4,5,0,4,yes
korean air,8,"""the staff were very respectful and courteous""", (Australia) ,25th February 2017,A330-300,Business,Economy Class,Ulaanbaatar to Seoul,January 2017,4,4,4,4,4,0,4,yes
korean air,4,"""I wish never made the purchase""", (Australia) ,22nd February 2017,A380,Couple Leisure,Economy Class,Seoul to Los Angeles,September 2016,0,0,0,0,0,0,3,yes
korean air,7,"""had a positive experience """, (Canada) ,7th September 2016,,Solo Leisure,Economy Class,ICN to ORD,September 2016,4,5,3,4,4,0,3,yes
korean air,10,"""excellent customer service""", (Canada) ,11th August 2016,,Family Leisure,Economy Class,YVR to CEB via ICN,August 2016,5,5,5,5,5,5,5,yes
korean air,8,"""helpful ground service staff""", (Canada) ,3rd August 2016,Boeing 747-8I / 777-300ER,Family Leisure,Economy Class,HKG to ICN,July 2016,5,5,4,5,5,0,4,yes
korean air,10,"""service was impeccable""", (Canada) ,3rd August 2016,A380,Solo Leisure,Economy Class,ICN to LAX,September 2015,5,5,5,5,5,0,5,yes
korean air,10,"""strong alternative to other companies""", (Canada) ,31st July 2016,Boeing 737-900ER,Solo Leisure,Economy Class,NGO to ICN,May 2016,5,5,5,0,5,0,5,yes
korean air,9,"""experience was very pleasant""", (Canada) ,21st July 2016,,Solo Leisure,Economy Class,LHR to ICN,August 2015,4,5,5,4,5,0,4,yes
korean air,7,"""no crew speaks French""", (Canada) ,19th July 2016,A380,Solo Leisure,Economy Class,CDG to ICN,June 2016,4,4,3,3,2,1,3,yes
korean air,6,"""service good, comfort the missing element""", (Canada) ,14th July 2016,Boeing 747,Family Leisure,Economy Class,NRT to YVR via ICN,July 2016,3,5,4,2,3,0,2,yes
korean air,7,"""I was satisfied with the performance""", (Canada) ,9th July 2016,Boeing 777-300ER,Solo Leisure,Economy Class,SEA to SIN via ICN,July 2016,5,4,2,2,4,0,3,yes
korean air,8,"""low on seat comfort""", (Canada) ,7th July 2016,A330-200,Solo Leisure,Economy Class,BOM to ICN,June 2016,3,4,3,0,4,0,4,yes
korean air,10,"""fantastic flights yet again""", (Australia) ,5th December 2016,A330-300 / A380,Couple Leisure,Economy Class,BNE to CDG via ICN,November 2016,5,5,4,4,5,0,5,yes
korean air,9,"""crew attentive and helpful""", (Australia) ,1st December 2016,,Family Leisure,Economy Class,MNL to JFK via ICN,November 2016,4,5,4,5,4,0,4,yes
korean air,7,"""standard flight with no frills""", (Australia) ,27th November 2016,A330-300,Business,Economy Class,ULN to ICN,November 2016,3,3,3,4,4,0,3,yes
korean air,9,"""the best airline I have flown""", (Australia) ,15th November 2016,A333,Solo Leisure,Economy Class,ICN to HAN,February 2016,4,5,4,3,5,0,5,yes
korean air,10,"""arrive in Europe fresh and rested""", (Australia) ,11th November 2016,A330-300,Solo Leisure,Economy Class,SYD to PRG via ICN,September 2016,5,5,4,4,4,4,5,yes
korean air,10,"""staff were really helpful""", (Australia) ,23rd October 2016,,Solo Leisure,Economy Class,LHR to ICN,October 2016,4,5,4,4,5,0,5,yes
korean air,3,"""counter service was horrible""", (Australia) ,17th October 2016,Boeing 777-300,Solo Leisure,Economy Class,IAD to ICN,October 2016,2,2,1,2,1,2,2,
korean air,6,"""very good service""", (Australia) ,11th October 2016,A330,Solo Leisure,Business Class,GRU to LAX,September 2016,2,4,4,3,3,0,3,yes
korean air,1,"""the worst Asian airline""", (Australia) ,21st September 2016,A380,Business,Business Class,JFK to TAS via ICN,September 2016,1,1,1,1,1,0,1,
korean air,10,"""I felt like a valued customer""", (Australia) ,19th September 2016,Boeing 747-8I,Solo Leisure,Economy Class,SFO to ICN,September 2016,4,5,5,5,5,0,5,yes
korean air,10,"""appreciated the service onboard""", (France) ,21st April 2016,A380,Business,Business Class,ICN to CDG,April 2016,4,5,5,4,5,0,5,yes
korean air,10,"""genuinely friendly staff""", (France) ,12th April 2016,Boeing 777-300ER,Business,Business Class,ICN to YYZ,April 2016,5,5,5,4,5,0,5,yes
korean air,8,"""an enjoyable experience""", (France) ,1st April 2016,A380 / Boeing 777,Solo Leisure,Economy Class,SYD to LHR via ICN,March 2016,3,4,4,3,4,4,4,yes
korean air,1,"""Totally unacceptable""", (France) ,15th March 2016,,Business,Economy Class,HNL to RGN via ICN,March 2016,1,1,3,3,1,0,1,
korean air,9,"""I recommend Korean Air""", (France) ,11th March 2016,Boeing 777,Business,Business Class,AKL to LHR via ICN,March 2016,4,5,4,4,5,0,5,yes
korean air,5,"""seat and IFE are below par""", (France) ,7th March 2016,A380,Couple Leisure,Business Class,SYD to JFK via Seoul,March 2016,2,3,2,2,3,0,4,
korean air,9,"""friendly and professional cabin crew""", (France) ,3rd March 2016,A380,Solo Leisure,Economy Class,LAX to SYD via ICN,March 2016,5,5,5,4,5,0,4,yes
korean air,6,"""should improve their English""", (France) ,2nd March 2016,A330-200,Business,Business Class,CGK to ICN,February 2016,3,3,3,4,3,0,3,yes
korean air,8,"""Staff professional and friendly""", (France) ,2nd March 2016,Boeing 777-300,Business,Economy Class,Singapore to Seoul,March 2016,5,5,3,5,3,5,3,yes
korean air,8,"""get some  basics a bit better""", (France) ,15th February 2016,A330-300 / Boeing 777-300ER,Couple Leisure,First Class,BNE to LHR via ICN,February 2016,4,4,3,3,4,0,4,yes
korean air,10,"""excellent value for money""", (Denmark) ,15th February 2016,Boeing 777  / A330,Solo Leisure,Economy Class,CPH to ULN via ICN,February 2016,5,5,5,4,5,0,5,yes
korean air,6,"""a huge disappointment""", (Denmark) ,15th February 2016,A330 / A380,Family Leisure,Economy Class,ICN to BKK,February 2016,5,4,4,5,2,0,4,yes
korean air,9,"""one of the cheapest airlines""", (Denmark) ,15th February 2016,,Solo Leisure,Economy Class,JFK to MNL via ICN,February 2016,5,4,5,5,5,0,5,yes
korean air,8,"""select seats in rear cabin""", (Denmark) ,14th February 2016,Boeing 777-200,Business,Economy Class,BOM to ICN,February 2016,3,3,3,0,4,0,4,yes
korean air,7,"""fare high for the service provided""", (Denmark) ,5th February 2016,A330-200,Business,Economy Class,ICN to BOM,February 2016,4,4,3,0,5,0,4,yes
korean air,1,"""never take again""", (Denmark) ,24th January 2016,,Couple Leisure,Economy Class,GMP to HND,December 2015,2,1,1,0,1,0,2,
korean air,9,"""would fly again""", (Denmark) ,22nd January 2016,A380,Solo Leisure,Economy Class,ICN to ATL,December 2015,5,5,4,4,5,0,5,yes
korean air,9,"""proper onboard Business class""", (Denmark) ,21st January 2016,Boeing 777-300ER / A330-300,Solo Leisure,Business Class,LHR to BNE via ICN,January 2016,5,4,4,2,4,0,5,yes
korean air,10,"""would recommend them""", (Denmark) ,19th January 2016,A380 / Boeing 777,Couple Leisure,Business Class,LHR to SYD via ICN,January 2016,5,5,5,5,5,0,5,yes
korean air,8,"""price was competitive""", (Denmark) ,18th January 2016,Boeing 777-300 ER / A380,Couple Leisure,Business Class,LHR to SYD via ICN,January 2016,4,4,3,2,4,0,4,yes
korean air,9,"""aircraft was immaculate""", (Japan) ,3rd July 2016,Boeing 737-800,Solo Leisure,Economy Class,KIX to PUS,July 2016,5,5,4,5,5,4,5,yes
korean air,7,"""an uneventful flight""", (Japan) ,20th June 2016,A330-300,Business,Economy Class,BNE to ULN via ICN,June 2016,4,4,4,4,4,0,4,yes
korean air,10,"""Korean Air always impresses""", (Japan) ,12th June 2016,A380 and A330,Couple Leisure,Economy Class,SYD to LHR via ICN,June 2016,5,5,5,5,5,5,5,yes
korean air,2,"""didn’t offer anything""", (Japan) ,6th June 2016,A330,Business,Business Class,DPS to ICN,April 2016,3,2,1,1,2,0,1,
korean air,3,"""ground staff service unacceptable""", (Japan) ,6th June 2016,,Solo Leisure,Economy Class,TAO to LHR via ICN,June 2016,4,4,3,3,1,0,3,
korean air,10,"""service has been steadily improving""", (Japan) ,5th June 2016,A330-300,Solo Leisure,Economy Class,ICN to BOM,June 2016,4,5,4,0,5,0,4,yes
korean air,10,"""charming cabin attendants""", (Japan) ,2nd June 2016,A330,Couple Leisure,Economy Class,HNL to NRT,May 2016,5,5,5,4,5,5,5,yes
korean air,8,"""great service and food""", (Japan) ,30th May 2016,Boeing 777-200er,Solo Leisure,Economy Class,TLV to ICN,May 2016,5,5,4,4,4,0,4,yes
korean air,3,"""undone by terrible ground service""", (Japan) ,3rd May 2016,,Couple Leisure,Business Class,FUK to JFK via ICN,May 2016,5,5,3,4,1,0,1,
korean air,10,"""fairly wide seats""", (Japan) ,28th April 2016,Boeing 777-300ER,Couple Leisure,Economy Class,LHR to NTR via ICN,January 2016,5,5,5,5,5,0,3,yes
korean air,9,"""staff were sincere and professional""", (Australia) ,18th September 2015,Boeing 747-8,Solo Leisure,Business Class,ICN to SIN,September 2015,5,5,5,4,5,0,5,yes
korean air,8,"""value and quality for the money spent""", (Australia) ,17th September 2015,Boeing 777 / A330,Couple Leisure,Economy Class,London to Brisbane via ICN,September 2015,4,5,4,2,5,0,5,yes
korean air,10,"""had a window seat with generous leg room""", (Australia) ,15th September 2015,Boeing 777-300,Business,Economy Class,ICN to HKG,September 2015,5,5,5,4,5,0,5,yes
korean air,9,"""most legroom I've encountered""", (Australia) ,11th September 2015,Boeing 737-800,Solo Leisure,Economy Class,ICN to TPE,June 2015,5,4,4,4,4,0,4,yes
korean air,7,Korean Air customer review, (Australia) ,11th September 2015,,Solo Leisure,Economy Class,MSP to KUL via ICN,August 2015,3,5,4,4,2,0,3,yes
korean air,1,"""customer service is so unprofessional""", (Australia) ,10th September 2015,A380,Solo Leisure,Economy Class,New York to Seoul,January 2015,2,3,3,3,1,0,1,
korean air,9,"""cabin crew were on the ball""", (Australia) ,4th September 2015,Boeing 737-900,Family Leisure,Business Class,Tokyo Haneda to Seoul Incheon,July 2015,5,5,4,4,5,0,4,yes
korean air,1,Korean Air customer review, (Australia) ,9th August 2015,A380,Couple Leisure,Business Class,JFK to Ulaanbaatar via Korea,August 2015,3,4,4,4,3,0,3,
korean air,8,Korean Air customer review, (Australia) ,27th July 2015,Boeing 777-300ER and A330-300,Solo Leisure,Economy Class,Kuala Lumpur to Sapporo Chitose via Seoul Incheon,May 2015,3,5,5,3,4,0,4,yes
korean air,8,Korean Air customer review, (Australia) ,27th July 2015,A380,Solo Leisure,Economy Class,JFKto HKG via Seoul,August 2014,4,5,2,4,5,3,4,yes
korean air,1,Korean Air customer review, (United States) ,11th July 2015,Boeing 777-200ER,Couple Leisure,Economy Class,Seoul to Dallas Ft Worth,July 2015,1,5,2,2,1,1,1,
korean air,8,Korean Air customer review, (United States) ,7th July 2015,Boeing 777,Business,Economy Class,ICN to AMS,July 2015,5,5,3,5,4,0,5,yes
korean air,10,Korean Air customer review, (United States) ,4th July 2015,A380,Couple Leisure,Economy Class,HKG to LAX via Seoul,August 2014,5,5,5,5,5,0,5,yes
korean air,9,Korean Air customer review, (United States) ,3rd July 2015,A380,Business,Business Class,New York JFK to Da Nang via Incheon,July 2015,5,5,2,2,1,1,5,yes
korean air,8,Korean Air customer review, (United States) ,29th June 2015,A330,Business,Economy Class,Hong Kong to Seoul,June 2015,4,5,4,0,3,0,4,yes
korean air,9,Korean Air customer review, (United States) ,16th June 2015,"B737-8Q8(WL), B747-4B5",Solo Leisure,Economy Class,CGO to YVR via ICN,September 2014,3,5,5,4,5,0,4,yes
korean air,10,Korean Air customer review, (United States) ,12th June 2015,A330-300,Solo Leisure,Economy Class,ICN to Ulaanbaatar (Mongolia),,5,5,4,4,0,0,5,yes
korean air,10,Korean Air customer review, (United States) ,31st May 2015,,,Economy Class,,,5,5,5,5,0,0,5,yes
korean air,5,Korean Air customer review, (United States) ,28th May 2015,,,First Class,,,4,3,2,4,0,0,2,
korean air,9,Korean Air customer review, (United States) ,22nd May 2015,,,Economy Class,,,5,5,5,3,0,0,5,yes
korean air,,Korean Air customer review, (United States) ,28th February 2014,,,Business Class,,,4,1,1,2,0,0,1,
korean air,7,Korean Air customer review, (United States) ,25th February 2014,,,Business Class,,,1,5,5,3,0,0,4,yes
korean air,10,Korean Air customer review, (United States) ,17th February 2014,,,Economy Class,,,5,5,5,4,0,0,5,yes
korean air,4,Korean Air customer review, (United States) ,13th February 2014,,,Economy Class,,,4,1,2,3,0,0,4,
korean air,9,Korean Air customer review, (United States) ,7th February 2014,,,Economy Class,,,4,5,5,5,0,0,5,yes
korean air,8,Korean Air customer review, (United States) ,28th January 2014,,,Economy Class,,,4,5,4,3,0,0,5,yes
korean air,9,Korean Air customer review, (United States) ,25th January 2014,,,Economy Class,,,3,4,4,4,0,0,4,yes
korean air,9,Korean Air customer review, (United States) ,24th January 2014,,,Economy Class,,,5,5,5,4,0,0,5,yes
korean air,4,Korean Air customer review, (United States) ,23rd January 2014,,,Economy Class,,,3,2,3,2,0,0,3,
korean air,9,Korean Air customer review, (United States) ,2nd January 2014,,,Economy Class,,,5,4,3,4,0,0,5,yes
korean air,10,Korean Air customer review, (Germany) ,12th February 2015,,,Business Class,,,4,5,3,3,0,0,5,yes
korean air,9,Korean Air customer review, (Germany) ,6th February 2015,,,Economy Class,,,2,3,2,3,0,0,2,yes
korean air,7,Korean Air customer review, (Germany) ,26th January 2015,,,Economy Class,,,3,4,2,4,0,0,3,yes
korean air,7,Korean Air customer review, (Germany) ,19th January 2015,,,Economy Class,,,4,4,3,2,0,0,4,yes
korean air,8,Korean Air customer review, (Germany) ,19th January 2015,,,Economy Class,,,4,5,4,3,0,0,4,yes
korean air,10,Korean Air customer review, (Germany) ,19th January 2015,,,Economy Class,,,4,5,4,0,0,0,5,yes
korean air,10,Korean Air customer review, (Germany) ,19th January 2015,,,Economy Class,,,4,5,4,0,0,0,5,yes
korean air,4,Korean Air customer review, (Germany) ,11th January 2015,,,Economy Class,,,2,1,1,2,0,0,2,
korean air,3,Korean Air customer review, (Germany) ,29th December 2014,,,Economy Class,,,2,5,3,3,0,0,3,yes
korean air,10,Korean Air customer review, (Germany) ,22nd December 2014,,,Economy Class,,,4,5,4,3,0,0,5,yes
korean air,10,Korean Air customer review, (Vietnam) ,1st May 2015,,,Economy Class,,,5,5,4,5,0,0,5,yes
korean air,10,Korean Air customer review, (Vietnam) ,30th April 2015,,,Business Class,,,4,5,5,4,0,0,5,yes
korean air,9,Korean Air customer review, (Vietnam) ,27th April 2015,,,Economy Class,,,5,4,4,5,0,0,4,yes
korean air,9,Korean Air customer review, (Vietnam) ,26th April 2015,,,Economy Class,,,5,5,5,4,0,0,5,yes
korean air,10,Korean Air customer review, (Vietnam) ,23rd April 2015,,,Economy Class,,,5,5,5,0,0,0,4,yes
korean air,10,Korean Air customer review, (Vietnam) ,20th April 2015,,,Business Class,,,4,5,5,0,0,0,3,yes
korean air,8,Korean Air customer review, (Vietnam) ,19th April 2015,,,Business Class,,,5,3,5,0,0,0,4,yes
korean air,5,Korean Air customer review, (Vietnam) ,20th March 2015,,,Economy Class,,,3,3,2,4,0,0,3,yes
korean air,9,Korean Air customer review, (Vietnam) ,17th March 2015,,,Business Class,,,4,5,5,4,0,0,4,yes
korean air,,Korean Air customer review, (Vietnam) ,24th February 2015,,,Economy Class,,,3,1,3,0,0,0,1,
korean air,2,"""should learn service""", (United States) ,18th November 2015,Boeing 777-300ER,Solo Leisure,Economy Class,ICN to IAH,November 2015,3,2,2,4,3,0,2,
korean air,9,"""a pleasant surprise""", (United States) ,11th November 2015,Boeing 777-200 / A330-200,Couple Leisure,Economy Class,NRT to AMS via ICN,November 2015,3,5,5,3,4,0,4,yes
korean air,10,"""everything went smoothly""", (United States) ,3rd November 2015,,Business,Economy Class,ICN to SFO,December 2014,5,5,5,5,5,0,5,yes
korean air,9,Korean Air customer review, (United States) ,30th October 2015,A330-200,Business,Economy Class,Mumbai to Seoul,October 2015,3,5,5,0,5,0,5,yes
korean air,7,"""staff helpful and nice""", (United States) ,20th October 2015,A380,Solo Leisure,Economy Class,Seoul to Paris,June 2015,5,5,4,5,4,3,4,yes
korean air,9,"""better than expected""", (United States) ,20th October 2015,A330-300 / A380-800,Family Leisure,Economy Class,BNE to JFK via ICN,September 2015,4,5,5,5,5,0,5,yes
korean air,1,"""I do not recommend to fly""", (United States) ,30th September 2015,A330 / A380,Family Leisure,Economy Class,ULN to JFK via ICN,September 2015,4,1,2,3,3,0,1,
korean air,1,"""I was changed to a center seat""", (United States) ,23rd September 2015,Boeing 777,Solo Leisure,Economy Class,Singapore to Incheon,September 2015,4,4,4,4,1,0,1,
korean air,9,"""Friendly crew and sincere""", (United States) ,19th September 2015,Boeing 747-8,Solo Leisure,Business Class,SIN to ICN,September 2015,5,5,5,4,4,0,5,yes
korean air,8,"""extremely pleasant staff""", (United States) ,18th September 2015,,Solo Leisure,Economy Class,SYD to Seoul,September 2015,2,5,4,3,3,0,3,yes
korean air,10,"""food was outstanding""", (United States) ,14th January 2016,Boeing 777,Solo Leisure,Business Class,BKK to DFW via ICN,January 2016,5,5,5,4,5,1,5,yes
korean air,10,"""Korean Air is a good choice""", (United States) ,10th January 2016,Boeing 777 / 747-400,Business,Business Class,VIE to AKL via ICN,February 2015,5,5,4,4,5,0,5,yes
korean air,8,"""a very pleasant flight""", (United States) ,8th January 2016,Boeing 747-8,Solo Leisure,Economy Class,AKL to ICN,January 2016,4,5,5,3,5,0,5,yes
korean air,8,"""no hesitation recommending""", (United States) ,21st December 2015,Boeing 777 / A380,Family Leisure,Economy Class,LHR to SYD via ICN,December 2015,4,5,4,3,5,0,5,yes
korean air,10,"""Korean Air always impresses""", (United States) ,16th December 2015,Boeing 777-300 and A380,Couple Leisure,Economy Class,Sydney to Vienna,December 2015,5,5,5,5,5,0,5,yes
korean air,8,"""constant care by stewardess""", (United States) ,11th December 2015,A380,Couple Leisure,Business Class,ICN to CDG,September 2015,4,5,5,4,5,0,4,yes
korean air,9,"""great inflight entertainment""", (United States) ,6th December 2015,Boeing 777,Couple Leisure,Economy Class,Sydney to Seoul,December 2015,4,5,3,5,5,0,5,yes
korean air,10,"""would recommend Korean Air""", (United States) ,4th December 2015,,Family Leisure,Economy Class,MNL to ATL via ICN,November 2015,5,5,5,5,5,0,5,yes
korean air,1,"""never fly Korean air again""", (United States) ,27th November 2015,,Family Leisure,Economy Class,PDX to ICN via SEA,November 2015,3,3,2,2,1,0,1,
korean air,10,"""certainly use them again""", (United States) ,25th November 2015,Boeing 777-300,Solo Leisure,Economy Class,LHR to AKL via ICN,November 2015,5,5,4,3,5,0,5,yes
korean air,8,Korean Air customer review, (Malaysia) ,21st December 2013,,,Economy Class,,,4,4,3,3,0,0,3,yes
korean air,10,Korean Air customer review, (Malaysia) ,21st December 2013,,,Economy Class,,,3,5,4,3,0,0,5,yes
korean air,8,Korean Air customer review, (Malaysia) ,16th December 2013,,,Economy Class,,,5,5,4,4,0,0,4,yes
korean air,9,Korean Air customer review, (Malaysia) ,13th December 2013,,,Economy Class,,,4,5,4,4,0,0,5,yes
korean air,8,Korean Air customer review, (Malaysia) ,10th December 2013,,,Business Class,,,3,2,3,4,0,0,3,yes
korean air,8,Korean Air customer review, (Malaysia) ,2nd December 2013,,,Business Class,,,5,5,3,4,0,0,4,yes
korean air,10,Korean Air customer review, (Malaysia) ,21st November 2013,,,Economy Class,,,4,5,4,4,0,0,5,yes
korean air,8,Korean Air customer review, (Malaysia) ,19th November 2013,,,Economy Class,,,3,5,5,5,0,0,5,yes
korean air,7,Korean Air customer review, (Malaysia) ,12th November 2013,,,First Class,,,4,4,2,5,0,0,4,yes
korean air,3,Korean Air customer review, (Malaysia) ,8th November 2013,,,First Class,,,4,2,2,3,0,0,1,
korean air,10,Korean Air customer review, (Australia) ,22nd December 2014,,,Economy Class,,,4,5,4,3,0,0,5,yes
korean air,9,Korean Air customer review, (Australia) ,1st December 2014,,,Economy Class,,,3,5,5,3,0,0,4,yes
korean air,9,Korean Air customer review, (Australia) ,20th November 2014,,,Economy Class,,,5,5,4,3,0,0,5,yes
korean air,9,Korean Air customer review, (Australia) ,17th November 2014,,,Economy Class,,,4,4,3,5,0,0,4,yes
korean air,1,Korean Air customer review, (Australia) ,28th October 2014,,,Economy Class,,,3,2,2,3,0,0,2,
korean air,9,Korean Air customer review, (Australia) ,28th October 2014,,,Economy Class,,,3,5,4,3,0,0,4,yes
korean air,6,Korean Air customer review, (Australia) ,5th October 2014,,,Economy Class,,,3,4,3,1,0,0,4,yes
korean air,9,Korean Air customer review, (Australia) ,1st October 2014,,,Economy Class,,,4,5,4,4,0,0,4,yes
korean air,10,Korean Air customer review, (Australia) ,22nd September 2014,,,Economy Class,,,5,5,4,5,0,0,4,yes
korean air,10,Korean Air customer review, (Australia) ,19th September 2014,,,Business Class,,,5,5,4,3,0,0,5,yes
korean air,6,Korean Air customer review, (United States) ,10th September 2014,,,Business Class,,,3,4,4,2,0,0,3,yes
korean air,10,Korean Air customer review, (United States) ,10th September 2014,,,Economy Class,,,5,5,4,4,0,0,5,yes
korean air,9,Korean Air customer review, (United States) ,6th September 2014,,,Economy Class,,,4,4,4,4,0,0,5,yes
korean air,2,Korean Air customer review, (United States) ,6th September 2014,,,Economy Class,,,1,3,3,2,0,0,1,
korean air,8,Korean Air customer review, (United States) ,1st September 2014,,,Economy Class,,,4,4,3,4,0,0,4,yes
korean air,10,Korean Air customer review, (United States) ,1st September 2014,,,Economy Class,,,5,5,4,5,0,0,5,yes
korean air,10,Korean Air customer review, (United States) ,26th August 2014,,,Economy Class,,,4,5,5,5,0,0,5,yes
korean air,10,Korean Air customer review, (United States) ,18th August 2014,,,Economy Class,,,5,5,4,5,0,0,5,yes
korean air,5,Korean Air customer review, (United States) ,18th August 2014,,,Economy Class,,,3,2,1,5,0,0,3,
korean air,10,Korean Air customer review, (United States) ,6th August 2014,,,Economy Class,,,4,5,4,5,0,0,4,yes
korean air,10,Korean Air customer review, (United Kingdom) ,31st July 2014,,,Business Class,,,5,5,4,4,0,0,4,yes
korean air,10,Korean Air customer review, (United Kingdom) ,31st July 2014,,,Economy Class,,,4,5,4,5,0,0,5,yes
korean air,8,Korean Air customer review, (United Kingdom) ,29th July 2014,,,Economy Class,,,4,3,2,5,0,0,5,yes
korean air,9,Korean Air customer review, (United Kingdom) ,29th July 2014,,,Economy Class,,,5,5,4,4,0,0,5,yes
korean air,3,Korean Air customer review, (United Kingdom) ,27th July 2014,,,Economy Class,,,3,3,4,1,0,0,2,
korean air,8,Korean Air customer review, (United Kingdom) ,22nd July 2014,,,Economy Class,,,5,4,3,5,0,0,4,yes
korean air,7,Korean Air customer review, (United Kingdom) ,20th July 2014,,,Business Class,,,4,2,3,2,0,0,3,
korean air,5,Korean Air customer review, (United Kingdom) ,20th July 2014,,,Economy Class,,,3,3,2,2,0,0,2,
korean air,6,Korean Air customer review, (United Kingdom) ,17th July 2014,,,Economy Class,,,4,4,3,4,0,0,3,
korean air,10,Korean Air customer review, (United Kingdom) ,17th July 2014,,,Economy Class,,,5,5,5,5,0,0,5,yes
korean air,10,Korean Air customer review, (Philippines) ,15th July 2014,,,Economy Class,,,4,5,5,5,0,0,4,yes
korean air,6,Korean Air customer review, (Philippines) ,15th July 2014,,,Business Class,,,5,3,2,3,0,0,3,
korean air,9,Korean Air customer review, (Philippines) ,15th July 2014,,,Economy Class,,,3,5,4,4,0,0,4,yes
korean air,8,Korean Air customer review, (Philippines) ,8th July 2014,,,Economy Class,,,4,4,4,3,0,0,4,yes
korean air,9,Korean Air customer review, (Philippines) ,6th July 2014,,,Economy Class,,,4,5,0,5,0,0,4,yes
korean air,7,Korean Air customer review, (Philippines) ,30th June 2014,,,Economy Class,,,3,4,3,2,0,0,4,yes
korean air,8,Korean Air customer review, (Philippines) ,23rd June 2014,,,Economy Class,,,3,5,5,5,0,0,3,yes
korean air,10,Korean Air customer review, (Philippines) ,20th June 2014,,,Economy Class,,,5,5,5,5,0,0,5,yes
korean air,8,Korean Air customer review, (Philippines) ,4th June 2014,,,Economy Class,,,3,5,4,5,0,0,5,yes
korean air,7,Korean Air customer review, (Philippines) ,4th June 2014,,,Economy Class,,,4,3,2,3,0,0,3,
korean air,6,Korean Air customer review, (United States) ,23rd May 2014,,,Economy Class,,,3,3,3,4,0,0,4,
korean air,3,Korean Air customer review, (United States) ,21st May 2014,,,Economy Class,,,4,4,4,5,0,0,1,
korean air,7,Korean Air customer review, (United States) ,16th May 2014,,,Economy Class,,,4,3,4,4,0,0,4,yes
korean air,10,Korean Air customer review, (United States) ,8th May 2014,,,Business Class,,,5,5,5,3,0,0,5,yes
korean air,9,Korean Air customer review, (United States) ,30th April 2014,,,Business Class,,,5,5,5,5,0,0,4,yes
korean air,10,Korean Air customer review, (United States) ,29th April 2014,,,Economy Class,,,4,5,4,5,0,0,5,yes
korean air,6,Korean Air customer review, (United States) ,28th April 2014,,,Economy Class,,,3,3,3,3,0,0,3,
korean air,6,Korean Air customer review, (United States) ,27th April 2014,,,Economy Class,,,4,3,2,4,0,0,4,yes
korean air,10,Korean Air customer review, (United States) ,24th April 2014,,,Economy Class,,,5,5,5,5,0,0,5,yes
korean air,10,Korean Air customer review, (United States) ,21st April 2014,,,Economy Class,,,5,5,5,4,0,0,5,yes
korean air,4,Korean Air customer review, (United States) ,21st April 2014,,,Business Class,,,3,4,1,4,0,0,3,
korean air,10,Korean Air customer review, (United States) ,15th April 2014,,,Business Class,,,4,5,5,4,0,0,5,yes
korean air,9,Korean Air customer review, (United States) ,13th April 2014,,,Economy Class,,,4,5,4,5,0,0,4,yes
korean air,2,Korean Air customer review, (United States) ,1st April 2014,,,Business Class,,,3,3,1,1,0,0,3,
korean air,5,Korean Air customer review, (United States) ,1st April 2014,,,Business Class,,,5,5,3,4,0,0,3,yes
korean air,5,Korean Air customer review, (United States) ,1st April 2014,,,Business Class,,,5,4,3,3,0,0,3,yes
korean air,6,Korean Air customer review, (United States) ,1st April 2014,,,Business Class,,,4,4,3,4,0,0,4,yes
korean air,7,Korean Air customer review, (United States) ,27th March 2014,,,Economy Class,,,3,4,3,3,0,0,4,yes
korean air,9,Korean Air customer review, (United States) ,17th March 2014,,,Economy Class,,,5,5,5,5,0,0,5,yes
korean air,10,Korean Air customer review, (United States) ,17th March 2014,,,Business Class,,,5,5,5,4,0,0,5,yes
korean air,7,Korean Air customer review, (Thailand) ,6th May 2013,,,Economy Class,,,4,2,3,5,0,0,3,
korean air,5,Korean Air customer review, (Thailand) ,4th May 2013,,,Business Class,,,3,5,5,3,0,0,3,
korean air,10,Korean Air customer review, (Thailand) ,21st April 2013,,,Business Class,,,5,5,5,5,0,0,5,yes
korean air,10,Korean Air customer review, (Thailand) ,16th April 2013,,,Business Class,,,5,5,5,5,0,0,5,yes
korean air,10,Korean Air customer review, (Thailand) ,16th April 2013,,,Economy Class,,,4,5,5,5,0,0,5,yes
korean air,10,Korean Air customer review, (Thailand) ,16th April 2013,,,Economy Class,,,4,5,5,5,0,0,5,yes
korean air,10,Korean Air customer review, (Thailand) ,16th April 2013,,,Economy Class,,,5,5,5,4,0,0,5,yes
korean air,9,Korean Air customer review, (Thailand) ,16th April 2013,,,Economy Class,,,4,5,4,4,0,0,5,yes
korean air,10,Korean Air customer review, (Thailand) ,16th April 2013,,,Economy Class,,,5,5,4,5,0,0,5,yes
korean air,9,Korean Air customer review, (Thailand) ,2nd April 2013,,,Economy Class,,,4,5,4,4,0,0,4,yes
korean air,8,Korean Air customer review, (Netherlands) ,7th November 2013,,,Economy Class,,,5,5,3,5,0,0,5,yes
korean air,1,Korean Air customer review, (Netherlands) ,4th November 2013,,,Economy Class,,,1,3,1,0,0,0,2,
korean air,9,Korean Air customer review, (Netherlands) ,29th October 2013,,,Business Class,,,3,5,4,5,0,0,5,yes
korean air,8,Korean Air customer review, (Netherlands) ,20th October 2013,,,Economy Class,,,4,5,3,3,0,0,4,yes
korean air,10,Korean Air customer review, (Netherlands) ,15th October 2013,,,Business Class,,,3,5,4,3,0,0,5,yes
korean air,9,Korean Air customer review, (Netherlands) ,13th October 2013,,,Economy Class,,,5,5,5,5,0,0,5,yes
korean air,9,Korean Air customer review, (Netherlands) ,10th October 2013,,,Business Class,,,5,5,5,4,0,0,4,yes
korean air,10,Korean Air customer review, (Netherlands) ,10th October 2013,,,Economy Class,,,5,5,4,5,0,0,4,yes
korean air,8,Korean Air customer review, (Netherlands) ,6th October 2013,,,Economy Class,,,4,4,3,5,0,0,4,yes
korean air,10,Korean Air customer review, (Netherlands) ,3rd October 2013,,,Business Class,,,5,5,5,5,0,0,5,yes
korean air,10,Korean Air customer review, (Israel) ,26th September 2013,,,Economy Class,,,4,5,5,5,0,0,5,yes
korean air,7,Korean Air customer review, (Israel) ,18th September 2013,,,Economy Class,,,3,4,2,3,0,0,4,yes
korean air,5,Korean Air customer review, (Israel) ,10th September 2013,,,Business Class,,,4,3,2,3,0,0,2,
korean air,9,Korean Air customer review, (Israel) ,26th August 2013,,,Economy Class,,,5,5,4,4,0,0,5,yes
korean air,9,Korean Air customer review, (Israel) ,22nd August 2013,,,Economy Class,,,3,5,3,3,0,0,3,yes
korean air,10,Korean Air customer review, (Israel) ,29th July 2013,,,Economy Class,,,5,5,4,4,0,0,5,yes
korean air,9,Korean Air customer review, (Israel) ,28th July 2013,,,Economy Class,,,5,5,3,4,0,0,5,yes
korean air,9,Korean Air customer review, (Israel) ,24th July 2013,,,Economy Class,,,5,5,3,4,0,0,5,yes
korean air,10,Korean Air customer review, (Israel) ,21st July 2013,,,Economy Class,,,5,5,4,4,0,0,4,yes
korean air,,Korean Air customer review, (Israel) ,18th July 2013,,,Economy Class,,,1,1,5,5,0,0,1,
korean air,10,Korean Air customer review, (South Korea) ,8th July 2013,,,Economy Class,,,5,4,4,5,0,0,5,yes
korean air,1,Korean Air customer review, (South Korea) ,25th June 2013,,,Economy Class,,,1,1,3,5,0,0,2,
korean air,9,Korean Air customer review, (South Korea) ,21st June 2013,,,Economy Class,,,5,5,4,4,0,0,5,yes
korean air,10,Korean Air customer review, (South Korea) ,11th June 2013,,,Economy Class,,,5,5,5,4,0,0,5,yes
korean air,5,Korean Air customer review, (South Korea) ,29th May 2013,,,Economy Class,,,1,2,0,4,0,0,3,
korean air,2,Korean Air customer review, (South Korea) ,27th May 2013,,,Business Class,,,4,1,1,3,0,0,2,
korean air,5,Korean Air customer review, (South Korea) ,27th May 2013,,,Business Class,,,4,3,3,4,0,0,3,
korean air,10,Korean Air customer review, (South Korea) ,21st May 2013,,,Economy Class,,,5,5,4,5,0,0,5,yes
korean air,,Korean Air customer review, (South Korea) ,19th May 2013,,,Economy Class,,,0,1,0,0,0,0,1,
korean air,9,Korean Air customer review, (South Korea) ,15th May 2013,,,Economy Class,,,4,5,4,5,0,0,5,yes
korean air,9,Korean Air customer review, (United Kingdom) ,29th December 2012,,,Business Class,,,4,4,5,3,0,0,4,yes
korean air,10,Korean Air customer review, (United Kingdom) ,23rd December 2012,,,Economy Class,,,5,5,4,5,0,0,5,yes
korean air,8,Korean Air customer review, (United Kingdom) ,18th December 2012,,,Economy Class,,,5,5,4,5,0,0,4,yes
korean air,8,Korean Air customer review, (United Kingdom) ,17th December 2012,,,Economy Class,,,5,5,4,5,0,0,4,yes
korean air,10,Korean Air customer review, (United Kingdom) ,15th December 2012,,,Economy Class,,,4,5,4,4,0,0,4,yes
korean air,10,Korean Air customer review, (United Kingdom) ,21st November 2012,,,Economy Class,,,4,5,4,4,0,0,5,yes
korean air,10,Korean Air customer review, (United Kingdom) ,20th November 2012,,,Business Class,,,5,5,5,5,0,0,5,yes
korean air,9,Korean Air customer review, (United Kingdom) ,20th November 2012,,,Economy Class,,,4,5,4,5,0,0,5,yes
korean air,10,Korean Air customer review, (United Kingdom) ,19th November 2012,,,Economy Class,,,5,5,5,5,0,0,5,yes
korean air,9,Korean Air customer review, (United Kingdom) ,19th November 2012,,,Economy Class,,,5,5,4,4,0,0,5,yes
korean air,9,Korean Air customer review, (United States) ,19th November 2012,,,Economy Class,,,5,5,4,4,0,0,5,yes
korean air,8,Korean Air customer review, (United States) ,16th November 2012,,,Business Class,,,4,4,3,3,0,0,5,yes
korean air,6,Korean Air customer review, (United States) ,15th November 2012,,,Business Class,,,1,5,5,4,0,0,2,
korean air,7,Korean Air customer review, (United States) ,14th November 2012,,,Business Class,,,3,4,3,4,0,0,5,yes
korean air,7,Korean Air customer review, (United States) ,10th October 2012,,,Business Class,,,3,5,4,3,0,0,4,yes
korean air,2,Korean Air customer review, (United States) ,7th October 2012,,,Business Class,,,1,4,3,3,0,0,2,
korean air,10,Korean Air customer review, (United States) ,30th September 2012,,,Business Class,,,5,5,4,5,0,0,5,yes
korean air,10,Korean Air customer review, (United States) ,16th September 2012,,,Economy Class,,,5,5,3,5,0,0,5,yes
korean air,10,Korean Air customer review, (United States) ,16th September 2012,,,Economy Class,,,5,5,4,4,0,0,5,yes
korean air,10,Korean Air customer review, (United States) ,13th September 2012,,,Business Class,,,5,4,4,4,0,0,5,yes
korean air,7,Korean Air customer review, (United States) ,2nd April 2013,,,Business Class,,,4,4,4,4,0,0,4,yes
korean air,10,Korean Air customer review, (United States) ,25th March 2013,,,Business Class,,,4,5,0,5,0,0,5,yes
korean air,10,Korean Air customer review, (United States) ,27th February 2013,,,Economy Class,,,4,5,5,5,0,0,5,yes
korean air,10,Korean Air customer review, (United States) ,25th February 2013,,,Economy Class,,,4,5,4,4,0,0,5,yes
korean air,9,Korean Air customer review, (United States) ,22nd February 2013,,,Economy Class,,,3,5,4,4,0,0,5,yes
korean air,8,Korean Air customer review, (United States) ,21st February 2013,,,Economy Class,,,5,5,2,3,0,0,5,yes
korean air,10,Korean Air customer review, (United States) ,19th February 2013,,,Economy Class,,,5,4,5,4,0,0,3,yes
korean air,9,Korean Air customer review, (United States) ,19th February 2013,,,Economy Class,,,5,5,4,5,0,0,3,yes
korean air,9,Korean Air customer review, (United States) ,14th February 2013,,,Economy Class,,,3,5,4,4,0,0,5,yes
korean air,8,Korean Air customer review, (United States) ,29th January 2013,,,Economy Class,,,4,5,4,4,0,0,4,yes
korean air,8,Korean Air customer review, (Australia) ,28th January 2013,,,Economy Class,,,3,5,4,3,0,0,5,yes
korean air,8,Korean Air customer review, (Australia) ,22nd January 2013,,,Economy Class,,,5,5,5,5,0,0,5,yes
korean air,4,Korean Air customer review, (Australia) ,18th January 2013,,,Business Class,,,1,3,3,3,0,0,2,
korean air,9,Korean Air customer review, (Australia) ,16th January 2013,,,Economy Class,,,4,5,4,4,0,0,5,yes
korean air,9,Korean Air customer review, (Australia) ,8th January 2013,,,Economy Class,,,3,5,0,0,0,0,5,yes
korean air,9,Korean Air customer review, (Australia) ,4th January 2013,,,Economy Class,,,5,5,4,0,0,0,5,yes
korean air,8,Korean Air customer review, (Australia) ,3rd January 2013,,,Economy Class,,,4,5,4,5,0,0,5,yes
korean air,10,Korean Air customer review, (Australia) ,3rd January 2013,,,Economy Class,,,0,5,0,0,0,0,5,yes
korean air,3,Korean Air customer review, (Australia) ,31st December 2012,,,Economy Class,,,4,5,5,2,0,0,3,
korean air,9,Korean Air customer review, (Australia) ,29th December 2012,,,Economy Class,,,4,4,3,4,0,0,5,yes
korean air,8,Korean Air customer review, (Australia) ,19th January 2012,,,Economy Class,,,4,5,4,2,0,0,4,yes
korean air,7,Korean Air customer review, (Australia) ,18th January 2012,,,Economy Class,,,4,4,3,5,0,0,5,yes
korean air,9,Korean Air customer review, (Australia) ,13th January 2012,,,First Class,,,5,5,4,5,0,0,5,yes
korean air,8,Korean Air customer review, (Australia) ,10th January 2012,,,Business Class,,,2,5,4,2,0,0,4,yes
korean air,8,Korean Air customer review, (Australia) ,9th January 2012,,,Economy Class,,,4,4,3,3,0,0,4,yes
korean air,9,Korean Air customer review, (Australia) ,6th January 2012,,,Economy Class,,,4,5,4,5,0,0,5,yes
korean air,9,Korean Air customer review, (Australia) ,5th January 2012,,,Economy Class,,,4,5,4,4,0,0,5,yes
korean air,6,Korean Air customer review, (Australia) ,4th January 2012,,,Economy Class,,,4,3,3,5,0,0,3,
korean air,3,Korean Air customer review, (Australia) ,30th December 2011,,,Economy Class,,,1,2,2,3,0,0,1,
korean air,8,Korean Air customer review, (Australia) ,25th December 2011,,,Economy Class,,,4,5,5,4,0,0,4,yes
korean air,9,Korean Air customer review, (Hong Kong) ,13th June 2012,,,Economy Class,,,4,5,5,5,0,0,5,yes
korean air,8,Korean Air customer review, (Hong Kong) ,6th June 2012,,,Business Class,,,5,4,4,4,0,0,5,yes
korean air,9,Korean Air customer review, (Hong Kong) ,6th June 2012,,,Business Class,,,4,5,4,4,0,0,5,yes
korean air,9,Korean Air customer review, (Hong Kong) ,6th June 2012,,,Business Class,,,4,5,4,4,0,0,5,yes
korean air,9,Korean Air customer review, (Hong Kong) ,5th June 2012,,,Business Class,,,5,5,4,4,0,0,5,yes
korean air,9,Korean Air customer review, (Hong Kong) ,30th May 2012,,,Business Class,,,5,5,4,5,0,0,5,yes
korean air,8,Korean Air customer review, (Hong Kong) ,28th May 2012,,,Business Class,,,4,5,4,4,0,0,5,yes
korean air,9,Korean Air customer review, (Hong Kong) ,27th May 2012,,,Economy Class,,,4,5,5,5,0,0,5,yes
korean air,9,Korean Air customer review, (Hong Kong) ,17th May 2012,,,Business Class,,,5,5,5,5,0,0,4,yes
korean air,9,Korean Air customer review, (Hong Kong) ,25th April 2012,,,Economy Class,,,4,4,5,5,0,0,5,yes
korean air,10,Korean Air customer review, (Australia) ,31st July 2012,,,Business Class,,,5,5,4,4,0,0,5,yes
korean air,10,Korean Air customer review, (Australia) ,25th July 2012,,,Economy Class,,,5,5,5,4,0,0,5,yes
korean air,10,Korean Air customer review, (Australia) ,25th July 2012,,,Economy Class,,,4,5,5,5,0,0,5,yes
korean air,10,Korean Air customer review, (Australia) ,25th July 2012,,,Business Class,,,5,5,3,4,0,0,5,yes
korean air,6,Korean Air customer review, (Australia) ,11th July 2012,,,Business Class,,,2,5,4,4,0,0,3,yes
korean air,3,Korean Air customer review, (Australia) ,9th July 2012,,,Economy Class,,,3,2,3,3,0,0,3,
korean air,10,Korean Air customer review, (Australia) ,28th June 2012,,,Economy Class,,,4,5,5,0,0,0,5,yes
korean air,10,Korean Air customer review, (Australia) ,28th June 2012,,,Economy Class,,,5,5,4,5,0,0,5,yes
korean air,10,Korean Air customer review, (Australia) ,28th June 2012,,,Economy Class,,,5,5,5,5,0,0,5,yes
korean air,9,Korean Air customer review, (Australia) ,18th June 2012,,,Economy Class,,,4,5,4,4,0,0,5,yes
korean air,9,Korean Air customer review, (United Kingdom) ,3rd September 2012,,,Economy Class,,,5,5,4,5,0,0,5,yes
korean air,10,Korean Air customer review, (United Kingdom) ,3rd September 2012,,,Economy Class,,,4,5,5,5,0,0,5,yes
korean air,10,Korean Air customer review, (United Kingdom) ,3rd September 2012,,,Economy Class,,,5,3,4,5,0,0,5,yes
korean air,9,Korean Air customer review, (United Kingdom) ,28th August 2012,,,Business Class,,,4,5,5,4,0,0,5,yes
korean air,10,Korean Air customer review, (United Kingdom) ,16th August 2012,,,Economy Class,,,5,5,5,5,0,0,5,yes
korean air,10,Korean Air customer review, (United Kingdom) ,16th August 2012,,,Economy Class,,,5,5,5,5,0,0,5,yes
korean air,9,Korean Air customer review, (United Kingdom) ,16th August 2012,,,Business Class,,,4,5,4,4,0,0,4,yes
korean air,8,Korean Air customer review, (United Kingdom) ,14th August 2012,,,Business Class,,,4,4,4,4,0,0,4,yes
korean air,9,Korean Air customer review, (United Kingdom) ,2nd August 2012,,,Economy Class,,,5,5,5,4,0,0,4,yes
korean air,9,Korean Air customer review, (United Kingdom) ,1st August 2012,,,Economy Class,,,4,5,2,3,0,0,4,yes
korean air,8,Korean Air customer review, (Philippines) ,20th April 2012,,,Economy Class,,,4,5,5,5,0,0,5,yes
korean air,9,Korean Air customer review, (Philippines) ,20th April 2012,,,Economy Class,,,4,4,4,4,0,0,4,yes
korean air,9,Korean Air customer review, (Philippines) ,12th April 2012,,,Business Class,,,4,5,5,4,0,0,5,yes
korean air,9,Korean Air customer review, (Philippines) ,11th April 2012,,,Economy Class,,,5,5,5,5,0,0,5,yes
korean air,7,Korean Air customer review, (Philippines) ,10th April 2012,,,Economy Class,,,3,4,1,4,0,0,3,yes
korean air,8,Korean Air customer review, (Philippines) ,4th April 2012,,,Business Class,,,3,4,5,0,0,0,4,yes
korean air,9,Korean Air customer review, (Philippines) ,4th April 2012,,,Business Class,,,4,5,4,4,0,0,4,yes
korean air,9,Korean Air customer review, (Philippines) ,4th April 2012,,,Economy Class,,,5,5,5,4,0,0,4,yes
korean air,9,Korean Air customer review, (Philippines) ,2nd April 2012,,,Business Class,,,4,5,5,3,0,0,4,yes
korean air,8,Korean Air customer review, (Philippines) ,29th March 2012,,,Economy Class,,,4,5,1,4,0,0,4,yes
korean air,9,Korean Air customer review, (United Kingdom) ,10th March 2012,,,Economy Class,,,4,5,3,5,0,0,5,yes
korean air,9,Korean Air customer review, (United Kingdom) ,9th March 2012,,,Economy Class,,,4,5,3,4,0,0,5,yes
korean air,9,Korean Air customer review, (United Kingdom) ,9th March 2012,,,Economy Class,,,4,5,3,4,0,0,5,yes
korean air,9,Korean Air customer review, (United Kingdom) ,8th March 2012,,,Economy Class,,,5,5,5,5,0,0,5,yes
korean air,9,Korean Air customer review, (United Kingdom) ,8th March 2012,,,Economy Class,,,5,5,5,5,0,0,5,yes
korean air,9,Korean Air customer review, (United Kingdom) ,5th March 2012,,,Economy Class,,,4,5,4,4,0,0,4,yes
korean air,9,Korean Air customer review, (United Kingdom) ,5th March 2012,,,Economy Class,,,4,5,3,4,0,0,5,yes
korean air,9,Korean Air customer review, (United Kingdom) ,23rd February 2012,,,Economy Class,,,4,5,5,5,0,0,5,yes
korean air,9,Korean Air customer review, (United Kingdom) ,21st February 2012,,,Business Class,,,4,5,5,4,0,0,5,yes
korean air,8,Korean Air customer review, (United Kingdom) ,8th February 2012,,,Economy Class,,,3,5,2,5,0,0,4,yes
korean air,9,Korean Air customer review, (United States) ,26th March 2012,,,Economy Class,,,4,4,3,4,0,0,4,yes
korean air,8,Korean Air customer review, (United States) ,24th March 2012,,,Economy Class,,,4,5,1,4,0,0,4,yes
korean air,9,Korean Air customer review, (United States) ,22nd March 2012,,,Economy Class,,,4,4,5,5,0,0,4,yes
korean air,8,Korean Air customer review, (United States) ,21st March 2012,,,Economy Class,,,3,5,4,4,0,0,4,yes
korean air,9,Korean Air customer review, (United States) ,20th March 2012,,,Economy Class,,,4,5,4,4,0,0,5,yes
korean air,9,Korean Air customer review, (United States) ,20th March 2012,,,Business Class,,,4,5,0,5,0,0,5,yes
korean air,9,Korean Air customer review, (United States) ,16th March 2012,,,Business Class,,,4,5,4,4,0,0,5,yes
korean air,9,Korean Air customer review, (United States) ,14th March 2012,,,Economy Class,,,5,4,4,5,0,0,4,yes
korean air,3,Korean Air customer review, (United States) ,14th March 2012,,,Business Class,,,3,2,1,3,0,0,3,
korean air,10,Korean Air customer review, (United States) ,12th March 2012,,,Economy Class,,,5,5,5,5,0,0,5,yes
korean air,3,Korean Air customer review, (Australia) ,8th February 2012,,,Economy Class,,,3,1,2,2,0,0,3,
korean air,9,Korean Air customer review, (Australia) ,8th February 2012,,,Economy Class,,,4,5,3,4,0,0,4,yes
korean air,9,Korean Air customer review, (Australia) ,31st January 2012,,,Economy Class,,,4,5,3,4,0,0,5,yes
korean air,8,Korean Air customer review, (Australia) ,28th January 2012,,,Economy Class,,,4,4,2,5,0,0,4,yes
korean air,9,Korean Air customer review, (Australia) ,27th January 2012,,,Business Class,,,5,5,5,5,0,0,5,yes
korean air,8,Korean Air customer review, (Australia) ,23rd January 2012,,,Economy Class,,,4,5,4,4,0,0,3,yes
korean air,9,Korean Air customer review, (Australia) ,20th January 2012,,,Economy Class,,,5,5,4,4,0,0,4,yes
korean air,7,Korean Air customer review, (Australia) ,20th January 2012,,,Economy Class,,,3,5,4,3,0,0,5,yes
korean air,6,Korean Air customer review, (Australia) ,20th January 2012,,,Business Class,,,2,4,2,2,0,0,3,yes
korean air,6,Korean Air customer review, (Australia) ,20th January 2012,,,Business Class,,,2,3,4,5,0,0,2,yes
korean air,6,Korean Air customer review, (Australia) ,16th November 2011,,,Business Class,,,4,3,2,1,0,0,3,
korean air,10,Korean Air customer review, (Australia) ,14th November 2011,,,Economy Class,,,5,5,5,5,0,0,5,yes
korean air,7,Korean Air customer review, (Australia) ,11th November 2011,,,Business Class,,,4,5,4,2,0,0,3,
korean air,9,Korean Air customer review, (Australia) ,9th November 2011,,,Economy Class,,,3,4,5,4,0,0,4,yes
korean air,8,Korean Air customer review, (Australia) ,7th November 2011,,,Business Class,,,4,5,5,3,0,0,4,yes
korean air,7,Korean Air customer review, (Australia) ,26th October 2011,,,Business Class,,,5,4,4,4,0,0,5,yes
korean air,3,Korean Air customer review, (Australia) ,21st October 2011,,,Economy Class,,,0,0,0,0,0,0,0,
korean air,7,Korean Air customer review, (Australia) ,21st October 2011,,,Economy Class,,,4,4,4,5,0,0,4,yes
korean air,10,Korean Air customer review, (Australia) ,21st September 2011,,,Economy Class,,,0,0,0,0,0,0,0,
korean air,,Korean Air customer review, (Australia) ,18th September 2011,,,Business Class,,,0,0,0,0,0,0,0,
korean air,1,Korean Air customer review, (United Kingdom) ,25th December 2011,,,Business Class,,,2,2,1,3,0,0,1,
korean air,9,Korean Air customer review, (United Kingdom) ,20th December 2011,,,Economy Class,,,4,5,5,5,0,0,5,yes
korean air,9,Korean Air customer review, (United Kingdom) ,9th December 2011,,,Economy Class,,,4,5,5,4,0,0,5,yes
korean air,4,Korean Air customer review, (United Kingdom) ,7th December 2011,,,Business Class,,,1,3,2,1,0,0,1,
korean air,7,Korean Air customer review, (United Kingdom) ,1st December 2011,,,Economy Class,,,4,4,2,5,0,0,4,yes
korean air,7,Korean Air customer review, (United Kingdom) ,30th November 2011,,,Economy Class,,,2,5,3,4,0,0,4,yes
korean air,7,Korean Air customer review, (United Kingdom) ,29th November 2011,,,Economy Class,,,2,5,3,5,0,0,4,yes
korean air,7,Korean Air customer review, (United Kingdom) ,23rd November 2011,,,Economy Class,,,2,0,5,5,0,0,4,yes
korean air,10,Korean Air customer review, (United Kingdom) ,18th November 2011,,,Economy Class,,,4,5,4,4,0,0,5,yes
korean air,2,Korean Air customer review, (United Kingdom) ,17th November 2011,,,Economy Class,,,3,1,1,0,0,0,1,
korean air,1,Korean Air customer review, (South Korea) ,5th September 2011,,,Business Class,,,0,0,0,0,0,0,0,
korean air,3,Korean Air customer review, (South Korea) ,31st August 2011,,,Economy Class,,,0,0,0,0,0,0,0,
korean air,10,Korean Air customer review, (South Korea) ,29th August 2011,,,Economy Class,,,0,0,0,0,0,0,0,
korean air,9,Korean Air customer review, (South Korea) ,28th August 2011,,,Economy Class,,,0,0,0,0,0,0,0,
korean air,9,Korean Air customer review, (South Korea) ,27th August 2011,,,Economy Class,,,0,0,0,0,0,0,0,
korean air,8,Korean Air customer review, (South Korea) ,19th August 2011,,,Economy Class,,,0,0,0,0,0,0,0,
korean air,10,Korean Air customer review, (South Korea) ,14th August 2011,,,Economy Class,,,0,0,0,0,0,0,0,
korean air,10,Korean Air customer review, (South Korea) ,9th August 2011,,,Business Class,,,0,0,0,0,0,0,0,
korean air,10,Korean Air customer review, (South Korea) ,9th August 2011,,,Economy Class,,,0,0,0,0,0,0,0,
korean air,9,Korean Air customer review, (South Korea) ,9th August 2011,,,Business Class,,,0,0,0,0,0,0,0,
korean air,2,Korean Air customer review, (United States) ,7th June 2011,,,Business Class,,,0,0,0,0,0,0,1,
korean air,9,Korean Air customer review, (United States) ,7th May 2011,,,Economy Class,,,0,0,0,0,0,0,4,yes
korean air,8,Korean Air customer review, (United States) ,3rd May 2011,,,Economy Class,,,0,0,0,0,0,0,4,yes
korean air,,Korean Air customer review, (United States) ,10th April 2011,,,Economy Class,,,0,0,0,0,0,0,1,
korean air,2,Korean Air customer review, (United States) ,9th April 2011,,,Business Class,,,0,0,0,0,0,0,1,
korean air,6,Korean Air customer review, (United States) ,3rd April 2011,,,First Class,,,0,0,0,0,0,0,1,yes
korean air,8,Korean Air customer review, (United States) ,25th March 2011,,,Economy Class,,,0,0,0,0,0,0,4,yes
korean air,8,Korean Air customer review, (United States) ,19th March 2011,,,Economy Class,,,0,0,0,0,0,0,4,yes
korean air,,Korean Air customer review, (United States) ,14th March 2011,,,Business Class,,,0,0,0,0,0,0,1,
korean air,9,Korean Air customer review, (United States) ,5th March 2011,,,Economy Class,,,0,0,0,0,0,0,4,yes
korean air,9,Korean Air customer review, (United Kingdom) ,1st March 2011,,,Economy Class,,,0,0,0,0,0,0,4,yes
korean air,8,Korean Air customer review, (United Kingdom) ,22nd February 2011,,,Economy Class,,,0,0,0,0,0,0,4,yes
korean air,10,Korean Air customer review, (Vietnam) ,7th August 2011,,,Economy Class,,,0,0,0,0,0,0,0,
korean air,9,Korean Air customer review, (Vietnam) ,31st July 2011,,,Economy Class,,,0,0,0,0,0,0,0,
korean air,4,Korean Air customer review, (Vietnam) ,30th July 2011,,,Economy Class,,,0,0,0,0,0,0,4,
korean air,7,Korean Air customer review, (Vietnam) ,29th July 2011,,,Economy Class,,,0,0,0,0,0,0,4,yes
korean air,10,Korean Air customer review, (Vietnam) ,21st July 2011,,,Economy Class,,,0,0,0,0,0,0,4,yes
korean air,9,Korean Air customer review, (Vietnam) ,20th July 2011,,,Economy Class,,,0,0,0,0,0,0,4,yes
korean air,6,Korean Air customer review, (Vietnam) ,5th July 2011,,,Economy Class,,,0,0,0,0,0,0,4,
korean air,9,Korean Air customer review, (Vietnam) ,4th July 2011,,,Economy Class,,,0,0,0,0,0,0,4,yes
korean air,9,Korean Air customer review, (Vietnam) ,16th June 2011,,,Economy Class,,,0,0,0,0,0,0,4,yes
korean air,9,Korean Air customer review, (Vietnam) ,13th June 2011,,,Economy Class,,,0,0,0,0,0,0,4,yes
